SEASON_YEAR,TEAM_ID,TEAM_ABBREVIATION,TEAM_NAME,GAME_ID,GAME_DATE,MATCHUP,WL,MIN,E_OFF_RATING,OFF_RATING,E_DEF_RATING,DEF_RATING,E_NET_RATING,NET_RATING,AST_PCT,AST_TO,AST_RATIO,OREB_PCT,DREB_PCT,REB_PCT,TM_TOV_PCT,EFG_PCT,TS_PCT,E_PACE,PACE,SITE,OPP_ID,OPP_ABBREVIATION,OPP_NAME,OPP_TOV_PCT,clean_DATE.x,LOOKUP,Game_Date,ROT,Away_Tm,Home_Tm,Proj_Pace,Proj_Away_OE,Proj_Home_OE,Proj_Spread,Proj_Total,clean_DATE.y
2018-19,1610612757,POR,Portland Trail Blazers,21800237,2018-11-18T00:00:00,POR @ WAS,W,48,110.8,113.3,100.7,102.8,10.1,10.5,0.667,1.73,18.3,0.224,0.763,0.519,0.143,0.517,0.587,107.8,105.5,A,1610612764,WAS,Washington Wizards,0.113,2018-11-18,2018-11-18POR,11/18/2018,703,POR,WAS,101.6,1.09,1.11,-1.4,223.7,2018-11-18
2018-19,1610612763,MEM,Memphis Grizzlies,21800234,2018-11-18T00:00:00,MEM @ MIN,W,48,105.3,103.1,89.7,88.8,15.6,14.3,0.743,2.17,19.4,0.216,0.714,0.46,0.124,0.5,0.538,96,97.5,A,1610612750,MIN,Minnesota Timberwolves,0.204,2018-11-18,2018-11-18MEM,11/18/2018,701,MEM,MIN,96,1.08,1.14,-6,213.1,2018-11-18
2018-19,1610612744,GSW,Golden State Warriors,21800238,2018-11-18T00:00:00,GSW @ SAS,L,48,94.6,94.8,104.5,108.3,-9.9,-13.5,0.571,1.67,15.4,0.269,0.717,0.495,0.124,0.436,0.483,98.4,96.5,A,1610612759,SAS,San Antonio Spurs,0.115,2018-11-18,2018-11-18GSW,11/18/2018,709,GSW,SAS,95.6,1.12,1.13,-0.8,214.7,2018-11-18
2018-19,1610612747,LAL,Los Angeles Lakers,21800235,2018-11-18T00:00:00,LAL @ MIA,W,48,112.7,117.7,99.6,101,13.1,16.7,0.381,1.6,12.3,0.321,0.698,0.505,0.104,0.5,0.542,98.8,96,A,1610612748,MIA,Miami Heat,0.146,2018-11-18,2018-11-18LAL,11/18/2018,705,LAL,MIA,103.8,1.1,1.11,-1.5,229.4,2018-11-18
2018-19,1610612752,NYK,New York Knicks,21800236,2018-11-18T00:00:00,NYK @ ORL,L,48,117.7,118.2,124.2,132.3,-6.5,-14.1,0.3,0.86,9.2,0.388,0.667,0.511,0.141,0.506,0.571,102.4,99,A,1610612753,ORL,Orlando Magic,0.172,2018-11-18,2018-11-18NYK,11/18/2018,707,NYK,ORL,98.3,1.06,1.12,-6,214.6,2018-11-18
2018-19,1610612747,LAL,Los Angeles Lakers,21800227,2018-11-17T00:00:00,LAL @ ORL,L,48,109.3,111.4,123.7,125,-14.3,-13.6,0.512,1.57,15.7,0.292,0.739,0.511,0.133,0.533,0.579,106.1,104.5,A,1610612753,ORL,Orlando Magic,0.125,2018-11-17,2018-11-17LAL,11/17/2018,503,LAL,ORL,103.2,1.11,1.09,2.8,226.7,2018-11-17
2018-19,1610612762,UTA,Utah Jazz,21800229,2018-11-17T00:00:00,UTA @ BOS,W,48,100.1,102.1,88.8,88.7,11.3,13.4,0.657,1.53,17.8,0.224,0.656,0.464,0.156,0.519,0.545,97.3,96.5,A,1610612738,BOS,Boston Celtics,0.144,2018-11-17,2018-11-17UTA,11/17/2018,511,UTA,BOS,98.2,1.03,1.07,-3.8,205.5,2018-11-17
2018-19,1610612744,GSW,Golden State Warriors,21800232,2018-11-17T00:00:00,GSW @ DAL,L,48,107.4,107.9,108.8,110.9,-1.4,-3,0.571,2,17.1,0.283,0.76,0.515,0.119,0.495,0.537,102.2,101,A,1610612742,DAL,Dallas Mavericks,0.099,2018-11-17,2018-11-17GSW,11/17/2018,517,GSW,DAL,98.6,1.12,1.1,1.9,219.2,2018-11-17
2018-19,1610612746,LAC,LA Clippers,21800224,2018-11-17T00:00:00,LAC @ BKN,W,48,121.5,129.6,120.3,120.2,1.2,9.4,0.479,2.88,16.8,0.314,0.647,0.48,0.082,0.563,0.602,101.8,98.5,A,1610612751,BKN,Brooklyn Nets,0.111,2018-11-17,2018-11-17LAC,11/17/2018,501,LAC,BKN,99.9,1.15,1.11,3.3,225.7,2018-11-17
2018-19,1610612755,PHI,Philadelphia 76ers,21800225,2018-11-17T00:00:00,PHI @ CHA,W,53,101.9,101.7,99.3,100,2.6,1.7,0.59,1.21,14.9,0.218,0.793,0.513,0.158,0.478,0.556,108.5,108.23,A,1610612766,CHA,Charlotte Hornets,0.151,2018-11-17,2018-11-17PHI,11/17/2018,509,PHI,CHA,101.7,1.13,1.12,0.9,229.1,2018-11-17
2018-19,1610612760,OKC,Oklahoma City Thunder,21800233,2018-11-17T00:00:00,OKC @ PHX,W,48,106.7,106.8,97.8,97.1,8.9,9.7,0.447,0.94,12.6,0.354,0.854,0.604,0.175,0.488,0.555,102.7,103,A,1610612756,PHX,Phoenix Suns,0.146,2018-11-17,2018-11-17OKC,11/17/2018,519,OKC,PHX,99.2,1.13,1.09,3.6,219.6,2018-11-17
2018-19,1610612761,TOR,Toronto Raptors,21800230,2018-11-17T00:00:00,TOR @ CHI,W,48,111.2,113,75.3,77.6,35.9,35.4,0.646,1.35,20.7,0.31,0.81,0.6,0.213,0.618,0.644,110,107.5,A,1610612741,CHI,Chicago Bulls,0.206,2018-11-17,2018-11-17TOR,11/17/2018,515,TOR,CHI,98.5,1.14,1.04,9.9,214,2018-11-17
2018-19,1610612743,DEN,Denver Nuggets,21800228,2018-11-17T00:00:00,DEN @ NOP,L,48,110.9,113.9,121.4,123.8,-10.5,-9.9,0.652,2.31,20.7,0.275,0.723,0.49,0.129,0.563,0.571,103.3,101,A,1610612740,NOP,New Orleans Pelicans,0.109,2018-11-17,2018-11-17DEN,11/17/2018,507,DEN,NOP,101.1,1.11,1.1,0.8,224,2018-11-17
2018-19,1610612737,ATL,Atlanta Hawks,21800226,2018-11-17T00:00:00,ATL @ IND,L,48,79.5,84,88,90.7,-8.4,-6.7,0.645,1.11,14.5,0.203,0.704,0.442,0.17,0.402,0.45,111.1,106.5,A,1610612754,IND,Indiana Pacers,0.224,2018-11-17,2018-11-17ATL,11/17/2018,505,ATL,IND,102.8,1.01,1.15,-14.3,221.9,2018-11-17
2018-19,1610612758,SAC,Sacramento Kings,21800231,2018-11-17T00:00:00,SAC @ HOU,L,48,103.4,106.7,122.7,125.7,-19.3,-19,0.5,1.64,15.9,0.321,0.73,0.484,0.133,0.505,0.522,107.9,105,A,1610612745,HOU,Houston Rockets,0.21,2018-11-17,2018-11-17SAC,11/17/2018,513,SAC,HOU,99.7,1.03,1.19,-15.9,221,2018-11-17
2018-19,1610612751,BKN,Brooklyn Nets,21800219,2018-11-16T00:00:00,BKN @ WAS,W,48,108.8,110.6,101,101,7.8,9.6,0.5,1.58,13.4,0.345,0.717,0.528,0.115,0.472,0.539,104.3,103.5,A,1610612764,WAS,Washington Wizards,0.126,2018-11-16,2018-11-16BKN,11/16/2018,701,BKN,WAS,100,1.1,1.14,-4.8,223.8,2018-11-16
2018-19,1610612757,POR,Portland Trail Blazers,21800221,2018-11-16T00:00:00,POR @ MIN,L,48,92.5,95,112.2,109.8,-19.7,-14.8,0.432,0.89,12,0.302,0.776,0.529,0.178,0.466,0.496,101.8,101.5,A,1610612750,MIN,Minnesota Timberwolves,0.118,2018-11-16,2018-11-16POR,11/16/2018,709,POR,MIN,100.5,1.1,1.15,-4.9,226,2018-11-16
2018-19,1610612741,CHI,Chicago Bulls,21800223,2018-11-16T00:00:00,CHI @ MIL,L,48,96.5,99,115.5,118.3,-19,-19.2,0.537,1.83,16.2,0.167,0.729,0.431,0.114,0.505,0.521,107.1,104.5,A,1610612749,MIL,Milwaukee Bucks,0.163,2018-11-16,2018-11-16CHI,11/16/2018,715,CHI,MIL,102.2,1.02,1.17,-15.9,224,2018-11-16
2018-19,1610612748,MIA,Miami Heat,21800217,2018-11-16T00:00:00,MIA @ IND,L,48,88.9,87.5,96.5,96.1,-7.6,-8.6,0.6,1.17,15,0.25,0.87,0.519,0.173,0.452,0.467,102.5,103.5,A,1610612754,IND,Indiana Pacers,0.184,2018-11-16,2018-11-16MIA,11/16/2018,703,MIA,IND,98.1,1.06,1.11,-4.8,212.4,2018-11-16
2018-19,1610612758,SAC,Sacramento Kings,21800220,2018-11-16T00:00:00,SAC @ MEM,L,48,101.4,103,109.2,112,-7.8,-9,0.622,1.1,16.8,0.304,0.745,0.527,0.208,0.538,0.574,102.6,100.5,A,1610612763,MEM,Memphis Grizzlies,0.16,2018-11-16,2018-11-16SAC,11/16/2018,711,SAC,MEM,99.5,1.03,1.11,-7.3,212.8,2018-11-16
2018-19,1610612762,UTA,Utah Jazz,21800218,2018-11-16T00:00:00,UTA @ PHI,L,48,99.7,105.9,109.6,110.8,-9.9,-4.8,0.366,1.15,11.2,0.346,0.688,0.51,0.129,0.489,0.513,105.2,101.5,A,1610612755,PHI,Philadelphia 76ers,0.167,2018-11-16,2018-11-16UTA,11/16/2018,705,UTA,PHI,102.1,1.06,1.08,-2.3,218.2,2018-11-16
2018-19,1610612752,NYK,New York Knicks,21800222,2018-11-16T00:00:00,NYK @ NOP,L,48,113.2,112.7,110.2,116.2,3,-3.5,0.313,1.15,10.9,0.214,0.655,0.432,0.118,0.546,0.571,113.3,110.5,A,1610612740,NOP,New Orleans Pelicans,0.135,2018-11-16,2018-11-16NYK,11/16/2018,713,NYK,NOP,103.1,1.04,1.18,-14.6,228.7,2018-11-16
2018-19,1610612761,TOR,Toronto Raptors,21800216,2018-11-16T00:00:00,TOR @ BOS,L,53,102.9,104.5,113.3,110.8,-10.4,-6.3,0.476,1.43,13.7,0.288,0.773,0.495,0.126,0.474,0.528,100.2,100.53,A,1610612738,BOS,Boston Celtics,0.162,2018-11-16,2018-11-16TOR,11/16/2018,707,TOR,BOS,99.3,1.11,1.08,3,217.3,2018-11-16
2018-19,1610612744,GSW,Golden State Warriors,21800213,2018-11-15T00:00:00,GSW @ HOU,L,48,94.8,98.9,115.8,123,-20.9,-24.1,0.563,1.06,14.8,0.37,0.607,0.5,0.195,0.447,0.502,91.6,87,A,1610612745,HOU,Houston Rockets,0.092,2018-11-15,2018-11-15GSW,11/15/2018,501,GSW,HOU,95.6,1.09,1.17,-7.9,216,2018-11-15
2018-19,1610612759,SAS,San Antonio Spurs,21800215,2018-11-15T00:00:00,SAS @ LAC,L,48,106.7,108.8,112.2,114.9,-5.5,-6,0.463,3.8,13.4,0.328,0.714,0.496,0.049,0.442,0.487,103.7,101.5,A,1610612746,LAC,LA Clippers,0.119,2018-11-15,2018-11-15SAS,11/15/2018,505,SAS,LAC,98.7,1.1,1.15,-5.6,222.2,2018-11-15
2018-19,1610612737,ATL,Atlanta Hawks,21800214,2018-11-15T00:00:00,ATL @ DEN,L,48,86.2,87.7,126.6,127.8,-40.4,-40,0.625,1.05,14.1,0.254,0.667,0.419,0.179,0.397,0.448,108.4,107,A,1610612743,DEN,Denver Nuggets,0.139,2018-11-15,2018-11-15ATL,11/15/2018,503,ATL,DEN,101.2,1.03,1.18,-15.3,224.4,2018-11-15
2018-19,1610612763,MEM,Memphis Grizzlies,21800207,2018-11-14T00:00:00,MEM @ MIL,W,48,112,116,113.1,113,-1.1,3,0.571,1.71,18.3,0.205,0.744,0.471,0.14,0.59,0.62,101.7,100,A,1610612749,MIL,Milwaukee Bucks,0.16,2018-11-14,2018-11-14MEM,11/14/2018,715,MEM,MIL,97,1.05,1.14,-8.8,212.9,2018-11-14
2018-19,1610612765,DET,Detroit Pistons,21800206,2018-11-14T00:00:00,DET @ TOR,W,48,98.4,102.9,96.8,100,1.6,2.9,0.545,1.33,17.4,0.22,0.68,0.45,0.175,0.538,0.548,107.6,103.5,A,1610612761,TOR,Toronto Raptors,0.192,2018-11-14,2018-11-14DET,11/14/2018,707,DET,TOR,100,1.04,1.19,-14.6,222.4,2018-11-14
2018-19,1610612755,PHI,Philadelphia 76ers,21800202,2018-11-14T00:00:00,PHI @ ORL,L,48,108.6,109.3,116,113.3,-7.4,-4,0.78,2.13,22.9,0.255,0.833,0.528,0.155,0.558,0.572,96.6,97.5,A,1610612753,ORL,Orlando Magic,0.112,2018-11-14,2018-11-14PHI,11/14/2018,701,PHI,ORL,101.5,1.11,1.05,5.7,218.8,2018-11-14
2018-19,1610612757,POR,Portland Trail Blazers,21800212,2018-11-14T00:00:00,POR @ LAL,L,48,109.2,112.5,118.4,121.2,-9.2,-8.7,0.585,1.6,16.8,0.278,0.725,0.495,0.144,0.516,0.567,106.8,104,A,1610612747,LAL,Los Angeles Lakers,0.125,2018-11-14,2018-11-14POR,11/14/2018,721,POR,LAL,103.6,1.11,1.12,-1.3,231.3,2018-11-14
2018-19,1610612740,NOP,New Orleans Pelicans,21800208,2018-11-14T00:00:00,NOP @ MIN,L,48,91,95.2,101.4,100,-10.4,-4.8,0.625,1.39,17.1,0.286,0.745,0.514,0.171,0.473,0.491,107.7,106,A,1610612750,MIN,Minnesota Timberwolves,0.15,2018-11-14,2018-11-14NOP,11/14/2018,713,NOP,MIN,103.6,1.09,1.14,-4.6,231,2018-11-14
2018-19,1610612759,SAS,San Antonio Spurs,21800211,2018-11-14T00:00:00,SAS @ PHX,L,48,97.4,98,117.7,118.4,-20.3,-20.4,0.457,0.89,12.3,0.32,0.842,0.545,0.184,0.464,0.513,98.5,98,A,1610612756,PHX,Phoenix Suns,0.163,2018-11-14,2018-11-14SAS,11/14/2018,719,SAS,PHX,97,1.14,1.08,6.4,215.3,2018-11-14
2018-19,1610612739,CLE,Cleveland Cavaliers,21800203,2018-11-14T00:00:00,CLE @ WAS,L,48,89.9,91.3,108.7,114.4,-18.8,-23.1,0.629,0.92,15.8,0.283,0.66,0.485,0.231,0.481,0.524,107.5,104,A,1610612764,WAS,Washington Wizards,0.173,2018-11-14,2018-11-14CLE,11/14/2018,703,CLE,WAS,98.5,1.06,1.17,-10.6,220,2018-11-14
2018-19,1610612752,NYK,New York Knicks,21800209,2018-11-14T00:00:00,NYK @ OKC,L,48,96.2,101,123.9,123.1,-27.8,-22.1,0.462,1,13.5,0.25,0.652,0.439,0.176,0.483,0.525,105.2,103,A,1610612760,OKC,Oklahoma City Thunder,0.154,2018-11-14,2018-11-14NYK,11/14/2018,711,NYK,OKC,98,1.05,1.12,-6.6,213.2,2018-11-14
2018-19,1610612741,CHI,Chicago Bulls,21800204,2018-11-14T00:00:00,CHI @ BOS,L,48,79.6,79.6,108.7,106.7,-29,-27.1,0.485,0.73,12.6,0.157,0.833,0.485,0.214,0.435,0.466,102.6,103.5,A,1610612738,BOS,Boston Celtics,0.135,2018-11-14,2018-11-14CHI,11/14/2018,705,CHI,BOS,98.1,1.01,1.14,-12.5,211,2018-11-14
2018-19,1610612762,UTA,Utah Jazz,21800210,2018-11-14T00:00:00,UTA @ DAL,L,48,65.8,67.3,117.3,118,-51.6,-50.7,0.64,0.73,12.3,0.217,0.778,0.427,0.218,0.346,0.38,102,100.5,A,1610612742,DAL,Dallas Mavericks,0.2,2018-11-14,2018-11-14UTA,11/14/2018,717,UTA,DAL,97.8,1.1,1.03,7.5,208.4,2018-11-14
2018-19,1610612748,MIA,Miami Heat,21800205,2018-11-14T00:00:00,MIA @ BKN,W,48,109.8,110.1,96.8,99.1,13,11,0.5,1.28,16.3,0.205,0.683,0.486,0.165,0.588,0.617,109.9,108.5,A,1610612751,BKN,Brooklyn Nets,0.139,2018-11-14,2018-11-14MIA,11/14/2018,709,MIA,BKN,97.3,1.1,1.11,-0.8,214.6,2018-11-14
2018-19,1610612745,HOU,Houston Rockets,21800200,2018-11-13T00:00:00,HOU @ DEN,W,48,119.2,122.5,107.6,112.5,11.6,10,0.59,1.53,18.9,0.297,0.7,0.506,0.169,0.641,0.661,91.7,88.5,A,1610612743,DEN,Denver Nuggets,0.182,2018-11-13,2018-11-13HOU,11/13/2018,503,HOU,DEN,95.4,1.121,1.123,-0.1908,214.0776,2018-11-13
2018-19,1610612766,CHA,Charlotte Hornets,21800199,2018-11-13T00:00:00,CHA @ CLE,L,48,88.7,91.8,117.4,115.3,-28.7,-23.6,0.667,2.44,16.4,0.246,0.643,0.402,0.093,0.389,0.431,98.3,97.5,A,1610612739,CLE,Cleveland Cavaliers,0.204,2018-11-13,2018-11-13CHA,11/13/2018,501,CHA,CLE,96.3,1.172,1.079,8.9559,216.7713,2018-11-13
2018-19,1610612737,ATL,Atlanta Hawks,21800201,2018-11-13T00:00:00,ATL @ GSW,L,48,100.4,103,109.7,107.8,-9.3,-4.8,0.625,1.47,18.2,0.231,0.731,0.481,0.17,0.517,0.539,101.4,101,A,1610612744,GSW,Golden State Warriors,0.127,2018-11-13,2018-11-13ATL,11/13/2018,505,ATL,GSW,104.7,1.026,1.182,-16.3332,231.1776,2018-11-13
2018-19,1610612755,PHI,Philadelphia 76ers,21800191,2018-11-12T00:00:00,PHI @ MIA,W,48,123.8,125.3,115.7,114,8.1,11.3,0.615,2.4,17.6,0.277,0.773,0.516,0.101,0.56,0.619,99.3,99.5,A,1610612748,MIA,Miami Heat,0.15,2018-11-12,2018-11-12PHI,11/12/2018,703,PHI,MIA,103.5,1.069,1.096,-2.7945,224.0775,2018-11-12
2018-19,1610612756,PHX,Phoenix Suns,21800196,2018-11-12T00:00:00,PHX @ OKC,L,48,103.7,103.1,114.8,119.2,-11,-16.1,0.641,1.39,18.5,0.279,0.6,0.452,0.184,0.525,0.565,100.1,98.5,A,1610612760,OKC,Oklahoma City Thunder,0.141,2018-11-12,2018-11-12PHX,11/12/2018,711,PHX,OKC,98.5,1.052,1.135,-8.1755,215.4195,2018-11-12
2018-19,1610612759,SAS,San Antonio Spurs,21800197,2018-11-12T00:00:00,SAS @ SAC,L,48,99,102.1,106.9,105.1,-7.9,-3,0.658,1.67,18.7,0.235,0.804,0.505,0.155,0.494,0.526,98.7,98,A,1610612758,SAC,Sacramento Kings,0.131,2018-11-12,2018-11-12SAS,11/12/2018,715,SAS,SAC,102.2,1.113,1.078,3.577,223.9202,2018-11-12
2018-19,1610612744,GSW,Golden State Warriors,21800198,2018-11-12T00:00:00,GSW @ LAC,L,53,105.3,103.6,103.5,109,1.9,-5.4,0.614,1.59,18,0.204,0.765,0.476,0.152,0.532,0.557,102.8,100.98,A,1610612746,LAC,LA Clippers,0.153,2018-11-12,2018-11-12GSW,11/12/2018,717,GSW,LAC,102.8,1.134,1.151,-1.7476,234.898,2018-11-12
2018-19,1610612753,ORL,Orlando Magic,21800190,2018-11-12T00:00:00,ORL @ WAS,L,48,110.3,111.2,118.8,120.6,-8.5,-9.4,0.651,2.15,20.1,0.271,0.683,0.461,0.133,0.567,0.581,98.7,97.5,A,1610612764,WAS,Washington Wizards,0.124,2018-11-12,2018-11-12ORL,11/12/2018,701,ORL,WAS,101.3,1.06,1.123,-6.3819,221.1379,2018-11-12
2018-19,1610612762,UTA,Utah Jazz,21800194,2018-11-12T00:00:00,UTA @ MEM,W,48,98.8,99,90.6,91.7,8.2,7.3,0.594,1.27,14.3,0.321,0.771,0.535,0.155,0.445,0.504,97.2,96.5,A,1610612763,MEM,Memphis Grizzlies,0.167,2018-11-12,2018-11-12UTA,11/12/2018,709,UTA,MEM,94.3,1.079,1.048,2.9233,200.5761,2018-11-12
2018-19,1610612751,BKN,Brooklyn Nets,21800195,2018-11-12T00:00:00,BKN @ MIN,L,48,107.9,108.7,111.5,114.3,-3.5,-5.6,0.7,2.15,18.4,0.313,0.605,0.422,0.125,0.485,0.51,106.2,104.5,A,1610612750,MIN,Minnesota Timberwolves,0.219,2018-11-12,2018-11-12BKN,11/12/2018,713,BKN,MIN,98.9,1.128,1.191,-6.2307,229.3491,2018-11-12
2018-19,1610612740,NOP,New Orleans Pelicans,21800192,2018-11-12T00:00:00,NOP @ TOR,W,48,121.5,124.8,105.1,108.9,16.4,15.8,0.556,2.31,20.1,0.367,0.712,0.556,0.129,0.596,0.602,104.2,101,A,1610612761,TOR,Toronto Raptors,0.109,2018-11-12,2018-11-12NOP,11/12/2018,705,NOP,TOR,103.5,1.036,1.176,-14.49,228.942,2018-11-12
2018-19,1610612742,DAL,Dallas Mavericks,21800193,2018-11-12T00:00:00,DAL @ CHI,W,48,98.3,100,91,93.3,7.3,6.7,0.486,0.9,13.7,0.204,0.796,0.515,0.194,0.532,0.561,106.2,104,A,1610612741,CHI,Chicago Bulls,0.162,2018-11-12,2018-11-12DAL,11/12/2018,707,DAL,CHI,99.4,1.098,1.094,0.3976,217.8848,2018-11-12
2018-19,1610612766,CHA,Charlotte Hornets,21800184,2018-11-11T00:00:00,CHA @ DET,W,48,114.2,116.5,102.6,106.2,11.6,10.3,0.558,2,18.3,0.238,0.609,0.468,0.124,0.571,0.608,99.6,97,A,1610612765,DET,Detroit Pistons,0.103,2018-11-11,2018-11-11CHA,11/11/2018,501,CHA,DET,100.6,1.109,1.116,-0.7042,223.835,2018-11-11
2018-19,1610612749,MIL,Milwaukee Bucks,21800187,2018-11-11T00:00:00,MIL @ DEN,W,48,123.8,123.5,116.6,116.3,7.3,7.1,0.563,2.08,20.6,0.154,0.76,0.494,0.133,0.673,0.674,97.8,98,A,1610612743,DEN,Denver Nuggets,0.102,2018-11-11,2018-11-11MIL,11/11/2018,507,MIL,DEN,101.1,1.113,1.133,-2.022,227.0706,2018-11-11
2018-19,1610612738,BOS,Boston Celtics,21800188,2018-11-11T00:00:00,BOS @ POR,L,48,94.6,96.9,103.7,103.1,-9.2,-6.2,0.528,1.46,14.6,0.281,0.667,0.457,0.134,0.462,0.483,97.9,97,A,1610612757,POR,Portland Trail Blazers,0.216,2018-11-11,2018-11-11BOS,11/11/2018,509,BOS,POR,97.7,1.087,1.082,0.4885,211.9113,2018-11-11
2018-19,1610612754,IND,Indiana Pacers,21800185,2018-11-11T00:00:00,IND @ HOU,L,48,105.7,108.4,118.5,122.3,-12.8,-13.9,0.667,1.85,18.8,0.256,0.75,0.506,0.137,0.532,0.576,97.3,94.5,A,1610612745,HOU,Houston Rockets,0.181,2018-11-11,2018-11-11IND,11/11/2018,503,IND,HOU,95.1,1.083,1.143,-5.706,211.6926,2018-11-11
2018-19,1610612737,ATL,Atlanta Hawks,21800189,2018-11-11T00:00:00,ATL @ LAL,L,48,96.6,100,98.6,100.9,-2,-0.9,0.61,1.32,17.1,0.273,0.614,0.446,0.179,0.5,0.526,109.1,106,A,1610612747,LAL,Los Angeles Lakers,0.217,2018-11-11,2018-11-11ATL,11/11/2018,511,ATL,LAL,110.5,1.046,1.181,-14.9175,246.0835,2018-11-11
2018-19,1610612753,ORL,Orlando Magic,21800186,2018-11-11T00:00:00,ORL @ NYK,W,48,110.7,110.6,83,85.6,27.7,25,0.705,2.82,21.2,0.204,0.705,0.47,0.106,0.536,0.559,105.5,104,A,1610612752,NYK,New York Knicks,0.183,2018-11-11,2018-11-11ORL,11/11/2018,505,ORL,NYK,98.1,1.074,1.09,-1.5696,212.2884,2018-11-11
2018-19,1610612739,CLE,Cleveland Cavaliers,21800178,2018-11-10T00:00:00,CLE @ CHI,L,48,102.2,101,101.8,103.1,0.4,-2.1,0.385,1.25,11.6,0.327,0.851,0.569,0.124,0.473,0.495,96.6,96.5,A,1610612741,CHI,Chicago Bulls,0.115,2018-11-10,2018-11-10CLE,11/10/2018,707,CLE,CHI,96.1,1.085,1.141,-5.3816,213.9186,2018-11-10
2018-19,1610612755,PHI,Philadelphia 76ers,21800179,2018-11-10T00:00:00,PHI @ MEM,L,53,99,101,106.1,105.7,-7,-4.7,0.614,1.17,19,0.256,0.705,0.519,0.219,0.565,0.576,96.3,95.55,A,1610612763,MEM,Memphis Grizzlies,0.104,2018-11-10,2018-11-10PHI,11/10/2018,711,PHI,MEM,99.6,1.066,1.079,-1.2948,213.642,2018-11-10
2018-19,1610612751,BKN,Brooklyn Nets,21800182,2018-11-10T00:00:00,BKN @ GSW,L,48,107.8,107.5,120.5,124.7,-12.7,-17.2,0.556,1.33,15.9,0.289,0.725,0.494,0.161,0.513,0.557,94.5,93,A,1610612744,GSW,Golden State Warriors,0.108,2018-11-10,2018-11-10BKN,11/10/2018,713,BKN,GSW,98.7,1.102,1.173,-7.0077,224.5425,2018-11-10
2018-19,1610612749,MIL,Milwaukee Bucks,21800175,2018-11-10T00:00:00,MIL @ LAC,L,53,107.6,107.7,107.7,109.4,-0.1,-1.7,0.66,1.82,18.8,0.279,0.75,0.504,0.145,0.524,0.547,106.9,105.96,A,1610612746,LAC,LA Clippers,0.154,2018-11-10,2018-11-10MIL,11/10/2018,703,MIL,LAC,105.8,1.152,1.152,0,243.7632,2018-11-10
2018-19,1610612745,HOU,Houston Rockets,21800180,2018-11-10T00:00:00,HOU @ SAS,L,48,92.9,92.7,102.3,101.1,-9.3,-8.3,0.367,1.38,8.8,0.281,0.8,0.495,0.083,0.383,0.433,94.8,95.5,A,1610612759,SAS,San Antonio Spurs,0.168,2018-11-10,2018-11-10HOU,11/10/2018,715,HOU,SAS,95.3,1.157,1.107,4.765,215.7592,2018-11-10
2018-19,1610612764,WAS,Washington Wizards,21800177,2018-11-10T00:00:00,WAS @ MIA,W,48,117.5,113.7,105.3,108.9,12.2,4.8,0.35,0.88,10.4,0.375,0.66,0.525,0.157,0.53,0.582,101.6,101.5,A,1610612748,MIA,Miami Heat,0.188,2018-11-10,2018-11-10WAS,11/10/2018,709,WAS,MIA,101.9,1.091,1.119,-2.8532,225.199,2018-11-10
2018-19,1610612752,NYK,New York Knicks,21800174,2018-11-10T00:00:00,NYK @ TOR,L,48,108,109.8,128.5,126.7,-20.5,-16.9,0.409,1.29,12.9,0.364,0.727,0.525,0.137,0.49,0.53,101.6,101.5,A,1610612761,TOR,Toronto Raptors,0.149,2018-11-10,2018-11-10NYK,11/10/2018,701,NYK,TOR,97.5,1.003,1.208,-19.9875,215.5725,2018-11-10
2018-19,1610612760,OKC,Oklahoma City Thunder,21800181,2018-11-10T00:00:00,OKC @ DAL,L,48,101.1,102.1,115,116.8,-13.9,-14.7,0.447,1.06,12.2,0.438,0.75,0.55,0.17,0.438,0.457,95.7,94.5,A,1610612742,DAL,Dallas Mavericks,0.168,2018-11-10,2018-11-10OKC,11/10/2018,717,OKC,DAL,100.6,1.094,1.093,0.1006,220.0122,2018-11-10
2018-19,1610612756,PHX,Phoenix Suns,21800176,2018-11-10T00:00:00,PHX @ NOP,L,48,97.2,98,118.1,117.8,-20.9,-19.8,0.457,0.94,12.4,0.231,0.604,0.41,0.168,0.465,0.522,101.3,101,A,1610612740,NOP,New Orleans Pelicans,0.178,2018-11-10,2018-11-10PHX,11/10/2018,705,PHX,NOP,103.6,1.046,1.135,-9.2204,225.9516,2018-11-10
2018-19,1610612747,LAL,Los Angeles Lakers,21800183,2018-11-10T00:00:00,LAL @ SAC,W,48,95.8,99,80.5,83.5,15.2,15.5,0.561,1.44,15.6,0.349,0.714,0.532,0.157,0.475,0.474,106.1,102.5,A,1610612758,SAC,Sacramento Kings,0.184,2018-11-10,2018-11-10LAL,11/10/2018,719,LAL,SAC,110.5,1.138,1.102,3.978,247.52,2018-11-10
2018-19,1610612751,BKN,Brooklyn Nets,21800171,2018-11-09T00:00:00,BKN @ DEN,W,48,109.3,113.1,110,108.9,-0.8,4.2,0.583,2.63,15.6,0.263,0.635,0.44,0.081,0.477,0.526,101.2,100,A,1610612743,DEN,Denver Nuggets,0.129,2018-11-09,2018-11-09BKN,11/9/2018,509,BKN,DEN,94.9,1.06,1.188,-12.1472,213.3352,2018-11-09
2018-19,1610612765,DET,Detroit Pistons,21800169,2018-11-09T00:00:00,DET @ ATL,W,48,116.6,118.1,105.2,103.8,11.4,14.3,0.652,2.73,20.5,0.214,0.766,0.466,0.105,0.577,0.588,105,105,A,1610612737,ATL,Atlanta Hawks,0.152,2018-11-09,2018-11-09DET,11/9/2018,505,DET,ATL,107.1,1.099,1.044,5.8905,229.5153,2018-11-09
2018-19,1610612738,BOS,Boston Celtics,21800172,2018-11-09T00:00:00,BOS @ UTA,L,48,114.2,117.3,124,124.2,-9.8,-6.9,0.795,3.88,22.3,0.2,0.667,0.395,0.082,0.54,0.589,99.9,98.5,A,1610612762,UTA,Utah Jazz,0.172,2018-11-09,2018-11-09BOS,11/9/2018,511,BOS,UTA,98.1,0.99,1.032,-4.1202,198.3582,2018-11-09
2018-19,1610612766,CHA,Charlotte Hornets,21800168,2018-11-09T00:00:00,CHA @ PHI,L,53,109.5,115.8,114.6,115.7,-5.2,0.1,0.581,3.57,15.4,0.315,0.673,0.469,0.061,0.464,0.517,107.2,103.7,A,1610612755,PHI,Philadelphia 76ers,0.148,2018-11-09,2018-11-09CHA,11/9/2018,503,CHA,PHI,102.8,1.063,1.138,-7.71,226.2628,2018-11-09
2018-19,1610612754,IND,Indiana Pacers,21800170,2018-11-09T00:00:00,IND @ MIA,W,48,106,106.8,95.4,99,10.6,7.8,0.465,1.11,15,0.25,0.72,0.511,0.175,0.589,0.599,105.3,103,A,1610612748,MIA,Miami Heat,0.233,2018-11-09,2018-11-09IND,11/9/2018,507,IND,MIA,96.3,1.08,1.069,1.0593,206.9487,2018-11-09
2018-19,1610612750,MIN,Minnesota Timberwolves,21800173,2018-11-09T00:00:00,MIN @ SAC,L,48,100.3,101.9,111.3,111,-10.9,-9.2,0.513,1.18,13.7,0.322,0.732,0.522,0.157,0.452,0.511,109.2,108.5,A,1610612758,SAC,Sacramento Kings,0.119,2018-11-09,2018-11-09MIN,11/9/2018,513,MIN,SAC,104.7,1.155,1.106,5.1303,236.7267,2018-11-09
2018-19,1610612764,WAS,Washington Wizards,21800167,2018-11-09T00:00:00,WAS @ ORL,L,48,104.5,106.9,116.6,117,-12.1,-10.1,0.571,1.26,17.9,0.233,0.714,0.471,0.188,0.579,0.598,101.9,100.5,A,1610612753,ORL,Orlando Magic,0.16,2018-11-09,2018-11-09WAS,11/9/2018,501,WAS,ORL,103.3,1.103,1.088,1.5495,226.3303,2018-11-09
2018-19,1610612738,BOS,Boston Celtics,21800164,2018-11-08T00:00:00,BOS @ PHX,W,53,105.8,105.5,97,100,8.8,5.5,0.538,1.31,13.9,0.328,0.852,0.574,0.145,0.474,0.524,100.5,99.17,A,1610612756,PHX,Phoenix Suns,0.138,2018-11-08,2018-11-08BOS,11/8/2018,703,BOS,PHX,98.7,1.126,1.019,10.5609,211.7115,2018-11-08
2018-19,1610612745,HOU,Houston Rockets,21800163,2018-11-08T00:00:00,HOU @ OKC,L,48,87.5,87.9,104.7,107.7,-17.2,-19.8,0.516,0.94,13.1,0.278,0.625,0.441,0.187,0.445,0.463,92.5,91,A,1610612760,OKC,Oklahoma City Thunder,0.165,2018-11-08,2018-11-08HOU,11/8/2018,701,HOU,OKC,97.8,1.174,1.065,10.6602,218.9742,2018-11-08
2018-19,1610612746,LAC,LA Clippers,21800165,2018-11-08T00:00:00,LAC @ POR,L,48,107.4,107.1,113.4,117.2,-6,-10,0.463,2.71,15.1,0.2,0.638,0.435,0.071,0.506,0.537,100.1,98.5,A,1610612757,POR,Portland Trail Blazers,0.071,2018-11-08,2018-11-08LAC,11/8/2018,705,LAC,POR,101.8,1.141,1.139,0.2036,232.104,2018-11-08
2018-19,1610612749,MIL,Milwaukee Bucks,21800166,2018-11-08T00:00:00,MIL @ GSW,W,48,119.8,127.6,104,105.7,15.7,21.9,0.635,2.75,20.9,0.385,0.75,0.56,0.114,0.559,0.594,109.3,105,A,1610612744,GSW,Golden State Warriors,0.171,2018-11-08,2018-11-08MIL,11/8/2018,707,MIL,GSW,105.7,1.128,1.189,-6.4477,244.9069,2018-11-08
2018-19,1610612742,DAL,Dallas Mavericks,21800160,2018-11-07T00:00:00,DAL @ UTA,L,48,98.5,99,112,113.6,-13.6,-14.6,0.483,0.56,10.6,0.326,0.78,0.563,0.243,0.452,0.563,104,103,A,1610612762,UTA,Utah Jazz,0.117,2018-11-07,2018-11-07DAL,11/7/2018,515,DAL,UTA,99,1.002,1.141,-13.761,212.157,2018-11-07
2018-19,1610612759,SAS,San Antonio Spurs,21800156,2018-11-07T00:00:00,SAS @ MIA,L,48,87.9,91.7,95.1,97.9,-7.2,-6.3,0.613,1.58,14.4,0.266,0.667,0.46,0.125,0.399,0.439,100,96.5,A,1610612748,MIA,Miami Heat,0.134,2018-11-07,2018-11-07SAS,11/7/2018,507,SAS,MIA,97.4,1.101,1.142,-3.9934,218.4682,2018-11-07
2018-19,1610612741,CHI,Chicago Bulls,21800159,2018-11-07T00:00:00,CHI @ NOP,L,48,90.3,95.1,101.4,102.9,-11.1,-7.7,0.474,1.5,13.3,0.25,0.732,0.483,0.117,0.443,0.474,107,103.5,A,1610612740,NOP,New Orleans Pelicans,0.144,2018-11-07,2018-11-07CHI,11/7/2018,511,CHI,NOP,102.6,1.026,1.17,-14.7744,225.3096,2018-11-07
2018-19,1610612750,MIN,Minnesota Timberwolves,21800162,2018-11-07T00:00:00,MIN @ LAL,L,48,110,108.9,112.7,114,-2.6,-5.1,0.537,1.38,16.2,0.26,0.688,0.469,0.158,0.56,0.579,100.6,100.5,A,1610612747,LAL,Los Angeles Lakers,0.16,2018-11-07,2018-11-07MIN,11/7/2018,519,MIN,LAL,106.9,1.155,1.171,-1.7104,248.64940000000001,2018-11-07
2018-19,1610612743,DEN,Denver Nuggets,21800158,2018-11-07T00:00:00,DEN @ MEM,L,48,90.3,95.6,97.8,98.9,-7.5,-3.3,0.594,1,14.7,0.392,0.7,0.527,0.209,0.439,0.481,93.7,90.5,A,1610612763,MEM,Memphis Grizzlies,0.2,2018-11-07,2018-11-07DEN,11/7/2018,509,DEN,MEM,91.4,1.122,1.069,4.8442,200.2574,2018-11-07
2018-19,1610612752,NYK,New York Knicks,21800155,2018-11-07T00:00:00,NYK @ ATL,W,48,107,106.7,100.2,102.9,6.8,3.8,0.441,0.83,11,0.333,0.69,0.528,0.171,0.513,0.573,105.7,104.5,A,1610612737,ATL,Atlanta Hawks,0.163,2018-11-07,2018-11-07NYK,11/7/2018,505,NYK,ATL,105,1.101,1.091,1.05,230.16,2018-11-07
2018-19,1610612765,DET,Detroit Pistons,21800154,2018-11-07T00:00:00,DET @ ORL,W,48,97.4,99,90.6,93.2,6.8,5.8,0.568,1.05,14.9,0.302,0.813,0.545,0.192,0.472,0.521,105.9,103.5,A,1610612753,ORL,Orlando Magic,0.204,2018-11-07,2018-11-07DET,11/7/2018,501,DET,ORL,99.1,1.091,1.064,2.6757,213.5605,2018-11-07
2018-19,1610612760,OKC,Oklahoma City Thunder,21800153,2018-11-07T00:00:00,OKC @ CLE,W,48,94.6,96.9,83.7,87.8,10.9,9.2,0.286,0.83,8.5,0.212,0.724,0.482,0.122,0.458,0.498,101.6,98,A,1610612739,CLE,Cleveland Cavaliers,0.204,2018-11-07,2018-11-07OKC,11/7/2018,503,OKC,CLE,98.8,1.124,1.131,-0.6916,222.794,2018-11-07
2018-19,1610612761,TOR,Toronto Raptors,21800161,2018-11-07T00:00:00,TOR @ SAC,W,48,105.4,108.6,100.1,101,5.4,7.6,0.415,0.77,12.4,0.367,0.854,0.608,0.21,0.522,0.575,106.5,104.5,A,1610612758,SAC,Sacramento Kings,0.144,2018-11-07,2018-11-07TOR,11/7/2018,517,TOR,SAC,104,1.173,1.037,14.144,229.84,2018-11-07
2018-19,1610612755,PHI,Philadelphia 76ers,21800157,2018-11-07T00:00:00,PHI @ IND,W,48,99.3,99,89.1,92.2,10.2,6.9,0.667,1.41,18.3,0.136,0.759,0.49,0.168,0.519,0.564,103.1,101.5,A,1610612754,IND,Indiana Pacers,0.118,2018-11-07,2018-11-07PHI,11/7/2018,513,PHI,IND,101.4,1.074,1.067,0.7098,217.0974,2018-11-07
2018-19,1610612737,ATL,Atlanta Hawks,21800149,2018-11-06T00:00:00,ATL @ CHA,L,48,94.5,96.2,100.1,104.6,-5.6,-8.4,0.537,1,16.2,0.178,0.653,0.426,0.208,0.518,0.549,110.4,107,A,1610612766,CHA,Charlotte Hornets,0.194,2018-11-06,2018-11-06ATL,11/6/2018,701,ATL,CHA,105.6,1.079,1.182,-10.8768,238.7616,2018-11-06
2018-19,1610612751,BKN,Brooklyn Nets,21800151,2018-11-06T00:00:00,BKN @ PHX,W,48,106.8,107.2,81.3,82.8,25.5,24.4,0.537,2.2,16.5,0.255,0.732,0.495,0.103,0.495,0.518,99.1,98,A,1610612756,PHX,Phoenix Suns,0.202,2018-11-06,2018-11-06BKN,11/6/2018,705,BKN,PHX,98.5,1.14,1.129,1.0835,223.4965,2018-11-06
2018-19,1610612749,MIL,Milwaukee Bucks,21800152,2018-11-06T00:00:00,MIL @ POR,L,48,107.8,107.3,123.5,121.6,-15.7,-14.4,0.65,2.17,19.3,0.245,0.739,0.475,0.125,0.522,0.539,95.5,96.5,A,1610612757,POR,Portland Trail Blazers,0.124,2018-11-06,2018-11-06MIL,11/6/2018,707,MIL,POR,103.7,1.125,1.093,3.3184,230.0066,2018-11-06
2018-19,1610612764,WAS,Washington Wizards,21800150,2018-11-06T00:00:00,WAS @ DAL,L,48,99.2,100,116.8,119,-17.6,-19,0.73,2.7,19.9,0.176,0.698,0.415,0.1,0.489,0.522,101.3,100,A,1610612742,DAL,Dallas Mavericks,0.18,2018-11-06,2018-11-06WAS,11/6/2018,703,WAS,DAL,104.7,1.137,1.097,4.188,233.8998,2018-11-06
2018-19,1610612761,TOR,Toronto Raptors,21800146,2018-11-05T00:00:00,TOR @ UTA,W,48,123.8,124,106.7,111,17.1,13,0.429,1.4,16.4,0.211,0.679,0.484,0.15,0.645,0.673,102.1,100,A,1610612762,UTA,Utah Jazz,0.12,2018-11-05,2018-11-05TOR,11/5/2018,513,TOR,UTA,98.6,1.07,1.07,0,211.4,2018-11-05
2018-19,1610612741,CHI,Chicago Bulls,21800143,2018-11-05T00:00:00,CHI @ NYK,W,58,99.8,99.1,99.3,100,0.5,-0.9,0.349,0.79,10.3,0.232,0.642,0.455,0.162,0.495,0.536,96,96,A,1610612752,NYK,New York Knicks,0.157,2018-11-05,2018-11-05CHI,11/5/2018,507,CHI,NYK,96.8,1.09,1.13,-3.7,214.1,2018-11-05
2018-19,1610612738,BOS,Boston Celtics,21800145,2018-11-05T00:00:00,BOS @ DEN,L,48,110,110.3,114.6,118.6,-4.6,-8.2,0.5,1.83,17.2,0.2,0.63,0.434,0.124,0.557,0.58,98.8,97,A,1610612743,DEN,Denver Nuggets,0.134,2018-11-05,2018-11-05BOS,11/5/2018,511,BOS,DEN,96.7,1.07,1.09,-2.3,208.7,2018-11-05
2018-19,1610612739,CLE,Cleveland Cavaliers,21800142,2018-11-05T00:00:00,CLE @ ORL,L,48,105,103.1,103.4,105.2,1.5,-2.1,0.488,1.11,15.9,0.22,0.72,0.495,0.186,0.575,0.586,96.9,97,A,1610612753,ORL,Orlando Magic,0.155,2018-11-05,2018-11-05CLE,11/5/2018,505,CLE,ORL,95.8,1.1,1.14,-3.8,214.4,2018-11-05
2018-19,1610612740,NOP,New Orleans Pelicans,21800144,2018-11-05T00:00:00,NOP @ OKC,L,48,108.2,108.4,111.3,114,-3.1,-5.6,0.659,1.29,18.2,0.304,0.72,0.521,0.196,0.542,0.597,108.4,107,A,1610612760,OKC,Oklahoma City Thunder,0.112,2018-11-05,2018-11-05NOP,11/5/2018,509,NOP,OKC,107.2,1.11,1.09,1.6,235.7,2018-11-05
2018-19,1610612750,MIN,Minnesota Timberwolves,21800148,2018-11-05T00:00:00,MIN @ LAC,L,48,107.7,112.4,124.1,122.4,-16.4,-10.1,0.5,1.82,15.4,0.277,0.696,0.484,0.113,0.5,0.555,98.9,97.5,A,1610612746,LAC,LA Clippers,0.122,2018-11-05,2018-11-05MIN,11/5/2018,517,MIN,LAC,102.7,1.16,1.21,-4.7,243.4,2018-11-05
2018-19,1610612763,MEM,Memphis Grizzlies,21800147,2018-11-05T00:00:00,MEM @ GSW,L,48,102.8,106.3,121.7,123.2,-18.9,-16.8,0.816,3.1,23.1,0.17,0.725,0.425,0.105,0.512,0.547,97.2,95,A,1610612744,GSW,Golden State Warriors,0.137,2018-11-05,2018-11-05MEM,11/5/2018,515,MEM,GSW,97.1,1.04,1.2,-15.9,217.5,2018-11-05
2018-19,1610612748,MIA,Miami Heat,21800140,2018-11-05T00:00:00,MIA @ DET,W,53,100.3,104.3,99.7,100,0.6,4.3,0.545,1.41,15.5,0.271,0.642,0.468,0.148,0.51,0.537,106.4,104.15,A,1610612765,DET,Detroit Pistons,0.165,2018-11-05,2018-11-05MIA,11/5/2018,503,MIA,DET,100.7,1.07,1.1,-2.8,218.9,2018-11-05
2018-19,1610612745,HOU,Houston Rockets,21800141,2018-11-05T00:00:00,HOU @ IND,W,48,103.1,104.3,96.7,100,6.4,4.3,0.676,1.35,18.4,0.186,0.75,0.484,0.181,0.546,0.59,96.1,94,A,1610612754,IND,Indiana Pacers,0.17,2018-11-05,2018-11-05HOU,11/5/2018,501,HOU,IND,94.6,1.11,1.1,0.4,209.3,2018-11-05
2018-19,1610612752,NYK,New York Knicks,21800135,2018-11-04T00:00:00,NYK @ WAS,L,48,90.4,96,110,106.9,-19.6,-11,0.487,0.95,13.8,0.364,0.691,0.527,0.202,0.446,0.475,101.6,100,A,1610612764,WAS,Washington Wizards,0.129,2018-11-04,2018-11-04NYK,11/4/2018,705,NYK,WAS,101.8,1.07,1.113,-4.4,222.2,2018-11-04
2018-19,1610612755,PHI,Philadelphia 76ers,21800134,2018-11-04T00:00:00,PHI @ BKN,L,48,95.1,94.2,114.1,117.3,-19,-23.1,0.516,0.57,12.4,0.278,0.655,0.511,0.272,0.508,0.584,104.5,103.5,A,1610612751,BKN,Brooklyn Nets,0.087,2018-11-04,2018-11-04PHI,11/4/2018,703,PHI,BKN,100.7,1.144,1.052,9.3,221.1,2018-11-04
2018-19,1610612761,TOR,Toronto Raptors,21800139,2018-11-04T00:00:00,TOR @ LAL,W,48,116.2,115.2,99.3,103.9,16.9,11.4,0.653,2.46,21.1,0.306,0.792,0.546,0.124,0.551,0.581,106,104,A,1610612747,LAL,Los Angeles Lakers,0.155,2018-11-04,2018-11-04TOR,11/4/2018,713,TOR,LAL,107.3,1.129,1.119,1.1,241.2,2018-11-04
2018-19,1610612763,MEM,Memphis Grizzlies,21800136,2018-11-04T00:00:00,MEM @ PHX,L,48,107.8,108.7,106.9,112.1,0.9,-3.4,0.528,1.46,15.7,0.233,0.688,0.427,0.141,0.52,0.563,94.1,91.5,A,1610612756,PHX,Phoenix Suns,0.275,2018-11-04,2018-11-04MEM,11/4/2018,709,MEM,PHX,95.6,1.123,1.056,6.4,208.3,2018-11-04
2018-19,1610612753,ORL,Orlando Magic,21800137,2018-11-04T00:00:00,ORL @ SAS,W,48,120.7,120.6,110,113.4,10.7,7.2,0.63,3.22,20.9,0.277,0.706,0.5,0.093,0.571,0.591,98.5,97,A,1610612759,SAS,San Antonio Spurs,0.113,2018-11-04,2018-11-04ORL,11/4/2018,707,ORL,SAS,95.8,1.076,1.143,-6.4,212.6,2018-11-04
2018-19,1610612750,MIN,Minnesota Timberwolves,21800138,2018-11-04T00:00:00,MIN @ POR,L,48,80.8,81,110.9,112.1,-30.1,-31.1,0.621,1.64,13.7,0.242,0.592,0.391,0.11,0.349,0.396,100.2,99.5,A,1610612757,POR,Portland Trail Blazers,0.172,2018-11-04,2018-11-04MIN,11/4/2018,711,MIN,POR,100.7,1.118,1.14,-2.2,227.4,2018-11-04
2018-19,1610612758,SAC,Sacramento Kings,21800133,2018-11-04T00:00:00,SAC @ MIL,L,48,97.6,99.1,128,128.6,-30.4,-29.5,0.571,1.6,16.6,0.183,0.725,0.432,0.136,0.516,0.521,112.1,111,A,1610612749,MIL,Milwaukee Bucks,0.116,2018-11-04,2018-11-04SAC,11/4/2018,701,SAC,MIL,108.5,1.041,1.166,-13.6,239.5,2018-11-04
2018-19,1610612765,DET,Detroit Pistons,21800125,2018-11-03T00:00:00,DET @ PHI,L,48,89.2,92.5,102.4,101.9,-13.2,-9.3,0.485,0.94,11.9,0.214,0.889,0.515,0.159,0.428,0.49,108.7,107,A,1610612755,PHI,Philadelphia 76ers,0.168,2018-11-03,2018-11-03DET,11/3/2018,501,DET,PHI,102.8,1.033,1.135,-10.5,222.9,2018-11-03
2018-19,1610612739,CLE,Cleveland Cavaliers,21800126,2018-11-03T00:00:00,CLE @ CHA,L,48,94.4,95.9,126.4,128.6,-32,-32.7,0.629,1.47,17.5,0.13,0.641,0.365,0.153,0.494,0.537,99.7,98,A,1610612766,CHA,Charlotte Hornets,0.153,2018-11-03,2018-11-03CLE,11/3/2018,505,CLE,CHA,96.2,1.112,1.2,-8.5,222.4,2018-11-03
2018-19,1610612748,MIA,Miami Heat,21800128,2018-11-03T00:00:00,MIA @ ATL,L,48,116.3,116.8,113.8,120.6,2.6,-3.8,0.659,1.5,18.9,0.319,0.674,0.495,0.178,0.576,0.612,104.8,101.5,A,1610612737,ATL,Atlanta Hawks,0.176,2018-11-03,2018-11-03MIA,11/3/2018,507,MIA,ATL,108.4,1.105,1.054,5.5,234,2018-11-03
2018-19,1610612762,UTA,Utah Jazz,21800131,2018-11-03T00:00:00,UTA @ DEN,L,48,93.1,91.7,102.6,106.2,-9.6,-14.5,0.667,1.69,17.2,0.189,0.717,0.434,0.135,0.444,0.481,97.5,96.5,A,1610612743,DEN,Denver Nuggets,0.175,2018-11-03,2018-11-03UTA,11/3/2018,513,UTA,DEN,96.2,1.058,1.083,-2.4,206,2018-11-03
2018-19,1610612740,NOP,New Orleans Pelicans,21800130,2018-11-03T00:00:00,NOP @ SAS,L,48,94.8,94.1,105.7,107.9,-10.9,-13.9,0.611,1.38,16.8,0.2,0.808,0.526,0.158,0.506,0.527,101.7,101,A,1610612759,SAS,San Antonio Spurs,0.089,2018-11-03,2018-11-03NOP,11/3/2018,511,NOP,SAS,102.4,1.121,1.12,0.1,229.5,2018-11-03
2018-19,1610612738,BOS,Boston Celtics,21800127,2018-11-03T00:00:00,BOS @ IND,L,48,105.3,104.1,100,105.2,5.3,-1,0.605,1.64,17.7,0.216,0.704,0.467,0.144,0.54,0.549,99,97,A,1610612754,IND,Indiana Pacers,0.134,2018-11-03,2018-11-03BOS,11/3/2018,503,BOS,IND,95.7,1.07,1.058,1.1,203.6,2018-11-03
2018-19,1610612747,LAL,Los Angeles Lakers,21800132,2018-11-03T00:00:00,LAL @ POR,W,48,105.6,104.6,98.5,100.9,7.1,3.7,0.444,1,14.4,0.227,0.688,0.5,0.183,0.57,0.588,109.8,109,A,1610612757,POR,Portland Trail Blazers,0.128,2018-11-03,2018-11-03LAL,11/3/2018,515,LAL,POR,106.1,1.118,1.139,-2.2,239.5,2018-11-03
2018-19,1610612745,HOU,Houston Rockets,21800129,2018-11-03T00:00:00,HOU @ CHI,W,48,95.2,98,89.9,89.8,5.3,8.2,0.6,1.11,15.8,0.28,0.86,0.548,0.194,0.5,0.523,99.3,98,A,1610612741,CHI,Chicago Bulls,0.194,2018-11-03,2018-11-03HOU,11/3/2018,509,HOU,CHI,95.1,1.215,1.083,12.6,218.5,2018-11-03
2018-19,1610612760,OKC,Oklahoma City Thunder,21800119,2018-11-02T00:00:00,OKC @ WAS,W,48,129.5,128.8,103.8,105.7,25.7,23.1,0.694,2.62,23.3,0.216,0.767,0.513,0.125,0.657,0.688,105.2,104.5,A,1610612764,WAS,Washington Wizards,0.181,2018-11-02,2018-11-02OKC,11/2/2018,705,OKC,WAS,106.2,1.11,1.15,-4.5,239.2,2018-11-02
2018-19,1610612746,LAC,LA Clippers,21800117,2018-11-02T00:00:00,LAC @ ORL,W,48,114.8,121.2,94.7,96,20.2,25.3,0.537,1.57,16.2,0.347,0.782,0.577,0.141,0.552,0.597,102.4,99,A,1610612753,ORL,Orlando Magic,0.101,2018-11-02,2018-11-02LAC,11/2/2018,701,LAC,ORL,102.1,1.15,1.1,5.1,228.7,2018-11-02
2018-19,1610612763,MEM,Memphis Grizzlies,21800122,2018-11-02T00:00:00,MEM @ UTA,W,48,119.6,120.9,108.7,109.9,10.9,11,0.605,2.09,18.5,0.227,0.711,0.472,0.121,0.593,0.611,92,91,A,1610612762,UTA,Utah Jazz,0.154,2018-11-02,2018-11-02MEM,11/2/2018,711,MEM,UTA,94.2,1.01,1.1,-8.4,197.9,2018-11-02
2018-19,1610612745,HOU,Houston Rockets,21800118,2018-11-02T00:00:00,HOU @ BKN,W,48,125.2,129.3,114.7,120.7,10.5,8.7,0.537,2.44,17.1,0.319,0.667,0.495,0.098,0.584,0.613,95.9,92,A,1610612751,BKN,Brooklyn Nets,0.13,2018-11-02,2018-11-02HOU,11/2/2018,703,HOU,BKN,96.6,1.17,1.09,7.2,218.4,2018-11-02
2018-19,1610612754,IND,Indiana Pacers,21800120,2018-11-02T00:00:00,IND @ CHI,W,48,110.7,115.1,109.4,111.7,1.3,3.4,0.525,1.91,16.5,0.277,0.708,0.495,0.118,0.512,0.565,96.3,93.5,A,1610612741,CHI,Chicago Bulls,0.149,2018-11-02,2018-11-02IND,11/2/2018,707,IND,CHI,96.1,1.16,1.06,9.9,212.9,2018-11-02
2018-19,1610612752,NYK,New York Knicks,21800121,2018-11-02T00:00:00,NYK @ DAL,W,48,121.1,124.2,106.5,110.4,14.6,13.8,0.565,2.17,19.4,0.302,0.66,0.489,0.126,0.589,0.618,98.5,95.5,A,1610612742,DAL,Dallas Mavericks,0.198,2018-11-02,2018-11-02NYK,11/2/2018,709,NYK,DAL,99.4,1.08,1.09,-1.3,216,2018-11-02
2018-19,1610612761,TOR,Toronto Raptors,21800123,2018-11-02T00:00:00,TOR @ PHX,W,48,108.9,108.1,95.2,99,13.7,9.1,0.707,2.07,21.5,0.156,0.679,0.439,0.141,0.58,0.593,100.6,99,A,1610612756,PHX,Phoenix Suns,0.162,2018-11-02,2018-11-02TOR,11/2/2018,713,TOR,PHX,101.1,1.21,1.04,17.4,227.1,2018-11-02
2018-19,1610612750,MIN,Minnesota Timberwolves,21800124,2018-11-02T00:00:00,MIN @ GSW,L,48,95,97.1,114.1,113.7,-19,-16.7,0.658,5,18,0.185,0.702,0.402,0.049,0.441,0.462,102.9,102,A,1610612744,GSW,Golden State Warriors,0.157,2018-11-02,2018-11-02MIN,11/2/2018,715,MIN,GSW,102.9,1.12,1.23,-11.3,241.6,2018-11-02
2018-19,1610612749,MIL,Milwaukee Bucks,21800115,2018-11-01T00:00:00,MIL @ BOS,L,48,108.4,111.9,113.9,114.7,-5.5,-2.8,0.488,1.43,15,0.245,0.745,0.5,0.139,0.535,0.575,103.5,101.5,A,1610612738,BOS,Boston Celtics,0.127,2018-11-01,2018-11-01MIL,11/1/2018,509,MIL,BOS,104.2,1.062,1.087,-2.6,223.9,2018-11-01
2018-19,1610612746,LAC,LA Clippers,21800113,2018-11-01T00:00:00,LAC @ PHI,L,48,102.2,104.6,109.6,113,-7.4,-8.3,0.5,1.06,13.5,0.286,0.736,0.52,0.167,0.494,0.562,110.9,108,A,1610612755,PHI,Philadelphia 76ers,0.148,2018-11-01,2018-11-01LAC,11/1/2018,503,LAC,PHI,105,1.079,1.134,-5.8,232.4,2018-11-01
2018-19,1610612760,OKC,Oklahoma City Thunder,21800111,2018-11-01T00:00:00,OKC @ CHA,W,48,106,109.9,97.6,103.9,8.4,6,0.488,2,14.5,0.29,0.661,0.466,0.099,0.469,0.51,107.2,102,A,1610612766,CHA,Charlotte Hornets,0.175,2018-11-01,2018-11-01OKC,11/1/2018,501,OKC,CHA,102.3,1.115,1.153,-3.9,232,2018-11-01
2018-19,1610612743,DEN,Denver Nuggets,21800112,2018-11-01T00:00:00,DEN @ CLE,W,48,119.3,123.6,98.5,102.2,20.7,21.3,0.537,1.83,17.1,0.422,0.653,0.543,0.135,0.541,0.584,92.3,89,A,1610612739,CLE,Cleveland Cavaliers,0.157,2018-11-01,2018-11-01DEN,11/1/2018,505,DEN,CLE,95.8,1.168,1.105,6,217.8,2018-11-01
2018-19,1610612740,NOP,New Orleans Pelicans,21800116,2018-11-01T00:00:00,NOP @ POR,L,48,108.9,114.4,123.8,124.5,-14.9,-10.1,0.575,1.77,15.9,0.305,0.717,0.486,0.125,0.468,0.54,108,105,A,1610612757,POR,Portland Trail Blazers,0.132,2018-11-01,2018-11-01NOP,11/1/2018,511,NOP,POR,103.1,1.075,1.091,-1.6,223.3,2018-11-01
2018-19,1610612758,SAC,Sacramento Kings,21800114,2018-11-01T00:00:00,SAC @ ATL,W,48,125.8,130.4,100.9,101.8,24.9,28.6,0.717,2.71,23.3,0.271,0.72,0.5,0.125,0.612,0.651,115,112.5,A,1610612737,ATL,Atlanta Hawks,0.195,2018-11-01,2018-11-01SAC,11/1/2018,507,SAC,ATL,111.8,1.072,1.07,0.2,239.5,2018-11-01
2018-19,1610612740,NOP,New Orleans Pelicans,21800108,2018-10-31T00:00:00,NOP @ GSW,L,48,112.2,114.2,122.2,122.4,-10,-8.3,0.545,1.5,16.6,0.3,0.681,0.485,0.151,0.543,0.582,107.5,106.5,A,1610612744,GSW,Golden State Warriors,0.159,2018-10-31,2018-10-31NOP,10/31/2018,709,NOP,GSW,106.4,1.06,1.16,-11.3,236.2,2018-10-31
2018-19,1610612762,UTA,Utah Jazz,21800107,2018-10-31T00:00:00,UTA @ MIN,L,48,120,120.2,121.3,123.1,-1.3,-2.9,0.532,1.79,16.6,0.393,0.744,0.537,0.135,0.552,0.567,104.9,104,A,1610612750,MIN,Minnesota Timberwolves,0.154,2018-10-31,2018-10-31UTA,10/31/2018,707,UTA,MIN,102.3,1.12,1.09,3,225.4,2018-10-31
2018-19,1610612742,DAL,Dallas Mavericks,21800109,2018-10-31T00:00:00,DAL @ LAL,L,48,105.3,106.6,107,107.5,-1.7,-0.9,0.558,1.04,16.8,0.295,0.744,0.517,0.217,0.576,0.599,107,106,A,1610612747,LAL,Los Angeles Lakers,0.189,2018-10-31,2018-10-31DAL,10/31/2018,713,DAL,LAL,106.3,1.08,1.19,-12.1,240.9,2018-10-31
2018-19,1610612759,SAS,San Antonio Spurs,21800110,2018-10-31T00:00:00,SAS @ PHX,W,48,117.1,116.5,85,87.4,32.2,29.1,0.522,1.71,17.8,0.211,0.789,0.558,0.136,0.578,0.635,104.2,103,A,1610612756,PHX,Phoenix Suns,0.146,2018-10-31,2018-10-31SAS,10/31/2018,711,SAS,PHX,96.9,1.16,1.11,5.2,219.8,2018-10-31
2018-19,1610612743,DEN,Denver Nuggets,21800106,2018-10-31T00:00:00,DEN @ CHI,W,53,102,106.9,103,104.9,-1,2,0.533,1.5,16.2,0.39,0.741,0.558,0.158,0.49,0.505,95,91.92,A,1610612741,CHI,Chicago Bulls,0.137,2018-10-31,2018-10-31DEN,10/31/2018,703,DEN,CHI,98.8,1.2,1.06,13,223.3,2018-10-31
2018-19,1610612765,DET,Detroit Pistons,21800104,2018-10-31T00:00:00,DET @ BKN,L,53,105.2,106.3,107,108.1,-1.8,-1.9,0.41,0.94,11,0.31,0.672,0.5,0.152,0.478,0.54,102,100.98,A,1610612751,BKN,Brooklyn Nets,0.144,2018-10-31,2018-10-31DET,10/31/2018,701,DET,BKN,97.6,1.12,1.11,1.4,217.3,2018-10-31
2018-19,1610612754,IND,Indiana Pacers,21800105,2018-10-31T00:00:00,IND @ NYK,W,48,112.1,111.5,103.5,103.1,8.5,8.4,0.533,1.6,18.5,0.25,0.702,0.494,0.156,0.578,0.591,96.5,97,A,1610612752,NYK,New York Knicks,0.173,2018-10-31,2018-10-31IND,10/31/2018,705,IND,NYK,95.4,1.1,1.05,4.9,205.4,2018-10-31
2018-19,1610612757,POR,Portland Trail Blazers,21800101,2018-10-30T00:00:00,POR @ HOU,W,48,100.9,106.1,86.6,86.7,14.2,19.4,0.447,0.85,13.2,0.326,0.676,0.544,0.204,0.525,0.577,100.6,98,A,1610612745,HOU,Houston Rockets,0.122,2018-10-30,2018-10-30POR,10/30/2018,511,POR,HOU,98.3,1.06,1.16,-9.2,218,2018-10-30
2018-19,1610612755,PHI,Philadelphia 76ers,21800100,2018-10-30T00:00:00,PHI @ TOR,L,48,101.6,104.7,115.9,120.6,-14.2,-15.9,0.658,1.09,16.2,0.386,0.723,0.538,0.215,0.495,0.537,110.8,107,A,1610612761,TOR,Toronto Raptors,0.15,2018-10-30,2018-10-30PHI,10/30/2018,509,PHI,TOR,102.5,1.06,1.11,-5.4,222.7,2018-10-30
2018-19,1610612737,ATL,Atlanta Hawks,21800097,2018-10-30T00:00:00,ATL @ CLE,L,48,107.1,106.5,124.9,125.9,-17.8,-19.4,0.568,1.09,18.1,0.14,0.686,0.436,0.215,0.628,0.637,107.7,107.5,A,1610612739,CLE,Cleveland Cavaliers,0.12,2018-10-30,2018-10-30ATL,10/30/2018,501,ATL,CLE,105.1,1.09,1.12,-3.9,232.2,2018-10-30
2018-19,1610612746,LAC,LA Clippers,21800103,2018-10-30T00:00:00,LAC @ OKC,L,48,98.3,98.2,110.3,114.3,-12,-16.1,0.514,0.72,12.9,0.209,0.694,0.467,0.223,0.52,0.592,114,112,A,1610612760,OKC,Oklahoma City Thunder,0.152,2018-10-30,2018-10-30LAC,10/30/2018,513,LAC,OKC,103.9,1.15,1.12,3.2,236,2018-10-30
2018-19,1610612765,DET,Detroit Pistons,21800099,2018-10-30T00:00:00,DET @ BOS,L,48,99.2,101.9,103.8,102.9,-4.6,-0.9,0.459,1,12.8,0.241,0.769,0.5,0.165,0.466,0.526,105,104,A,1610612738,BOS,Boston Celtics,0.133,2018-10-30,2018-10-30DET,10/30/2018,507,DET,BOS,98.3,1.01,1.11,-10,208.8,2018-10-30
2018-19,1610612764,WAS,Washington Wizards,21800102,2018-10-30T00:00:00,WAS @ MEM,L,48,97.1,100,108.5,111.5,-11.3,-11.5,0.75,1.2,18.9,0.19,0.727,0.465,0.211,0.527,0.574,98.2,95.5,A,1610612763,MEM,Memphis Grizzlies,0.177,2018-10-30,2018-10-30WAS,10/30/2018,515,WAS,MEM,102,1.1,1.11,-0.9,224.7,2018-10-30
2018-19,1610612748,MIA,Miami Heat,21800096,2018-10-30T00:00:00,MIA @ CHA,L,48,110.2,114.1,125.3,126.3,-15.1,-12.1,0.61,1.67,18.2,0.265,0.711,0.46,0.152,0.534,0.579,101.2,99,A,1610612766,CHA,Charlotte Hornets,0.141,2018-10-30,2018-10-30MIA,10/30/2018,503,MIA,CHA,99.9,1.1,1.12,-2.1,221.9,2018-10-30
2018-19,1610612758,SAC,Sacramento Kings,21800098,2018-10-30T00:00:00,SAC @ ORL,W,48,104.5,102.9,92.8,95.2,11.7,7.7,0.537,1.47,16.4,0.184,0.733,0.486,0.144,0.536,0.561,104.6,104,A,1610612753,ORL,Orlando Magic,0.163,2018-10-30,2018-10-30SAC,10/30/2018,505,SAC,ORL,103.8,1.06,1.08,-2,222.7,2018-10-30
2018-19,1610612747,LAL,Los Angeles Lakers,21800093,2018-10-29T00:00:00,LAL @ MIN,L,48,107.5,113.2,116.8,115.9,-9.2,-2.7,0.49,1.33,15.7,0.411,0.596,0.504,0.17,0.529,0.542,108.9,106.5,A,1610612750,MIN,Minnesota Timberwolves,0.14,2018-10-29,2018-10-29LAL,10/29/2018,713,LAL,MIN,108.9,1.16,1.19,-3.6,255.4,2018-10-29
2018-19,1610612744,GSW,Golden State Warriors,21800091,2018-10-29T00:00:00,GSW @ CHI,W,48,140,143.3,117,118.1,23,25.2,0.642,4.86,23,0.213,0.732,0.495,0.067,0.677,0.693,106.2,104.5,A,1610612741,CHI,Chicago Bulls,0.086,2018-10-29,2018-10-29GSW,10/29/2018,711,GSW,CHI,101.1,1.21,1.03,18.2,226.5,2018-10-29
2018-19,1610612737,ATL,Atlanta Hawks,21800088,2018-10-29T00:00:00,ATL @ PHI,L,48,85,83.6,102.8,102.7,-17.8,-19.1,0.571,1.33,14.1,0.19,0.672,0.421,0.136,0.415,0.446,109.1,110,A,1610612755,PHI,Philadelphia 76ers,0.173,2018-10-29,2018-10-29ATL,10/29/2018,701,ATL,PHI,109.4,0.99,1.13,-15.2,231.8,2018-10-29
2018-19,1610612761,TOR,Toronto Raptors,21800092,2018-10-29T00:00:00,TOR @ MIL,L,48,98.8,100.9,113.4,114.8,-14.6,-13.9,0.641,2.5,16.6,0.279,0.771,0.483,0.093,0.422,0.473,109.8,108,A,1610612749,MIL,Milwaukee Bucks,0.157,2018-10-29,2018-10-29TOR,10/29/2018,709,TOR,MIL,104.4,1.1,1.12,-1.9,230.9,2018-10-29
2018-19,1610612742,DAL,Dallas Mavericks,21800094,2018-10-29T00:00:00,DAL @ SAS,L,53,95.2,96.4,100.7,101.8,-5.5,-5.4,0.349,0.65,10.8,0.255,0.837,0.54,0.205,0.527,0.548,102.2,100.98,A,1610612759,SAS,San Antonio Spurs,0.153,2018-10-29,2018-10-29DAL,10/29/2018,715,DAL,SAS,95.7,1.09,1.18,-8.5,216.4,2018-10-29
2018-19,1610612757,POR,Portland Trail Blazers,21800087,2018-10-29T00:00:00,POR @ IND,W,48,108.5,109.6,92.3,97.9,16.3,11.7,0.5,1.06,15.3,0.268,0.719,0.531,0.191,0.551,0.599,97.9,94.5,A,1610612754,IND,Indiana Pacers,0.095,2018-10-29,2018-10-29POR,10/29/2018,703,POR,IND,97.5,1.07,1.12,-5.5,213.3,2018-10-29
2018-19,1610612751,BKN,Brooklyn Nets,21800090,2018-10-29T00:00:00,BKN @ NYK,L,48,103.6,104.3,115.1,122.3,-11.5,-18,0.647,2.2,17.6,0.208,0.479,0.337,0.109,0.47,0.512,96.3,93,A,1610612752,NYK,New York Knicks,0.17,2018-10-29,2018-10-29BKN,10/29/2018,707,BKN,NYK,97.9,1.1,1.12,-2,217.3,2018-10-29
2018-19,1610612740,NOP,New Orleans Pelicans,21800095,2018-10-29T00:00:00,NOP @ DEN,L,48,104.9,103.7,108.3,109.4,-3.4,-5.7,0.651,1.27,19.4,0.209,0.765,0.511,0.206,0.591,0.611,106.5,106.5,A,1610612743,DEN,Denver Nuggets,0.123,2018-10-29,2018-10-29NOP,10/29/2018,717,NOP,DEN,103.3,1.06,1.15,-9.5,227.9,2018-10-29
2018-19,1610612758,SAC,Sacramento Kings,21800089,2018-10-29T00:00:00,SAC @ MIA,W,48,108.8,111.8,100.9,102.7,7.9,9.1,0.583,2,18.4,0.259,0.69,0.482,0.127,0.557,0.569,112.5,110,A,1610612748,MIA,Miami Heat,0.164,2018-10-29,2018-10-29SAC,10/29/2018,705,SAC,MIA,103.9,1.04,1.11,-7.4,223.9,2018-10-29
2018-19,1610612744,GSW,Golden State Warriors,21800083,2018-10-28T00:00:00,GSW @ BKN,W,48,120.5,118.8,110,112.9,10.5,5.9,0.636,2.33,19.7,0.283,0.8,0.538,0.119,0.556,0.603,101.6,101,A,1610612751,BKN,Brooklyn Nets,0.149,2018-10-28,2018-10-28GSW,10/28/2018,501,GSW,BKN,101.1,1.202,1.048,15.6,227.5,2018-10-28
2018-19,1610612764,WAS,Washington Wizards,21800086,2018-10-28T00:00:00,WAS @ LAC,L,48,95.1,95.4,124,125.9,-28.8,-30.5,0.474,1.29,12.5,0.274,0.7,0.464,0.128,0.418,0.476,109.5,108.5,A,1610612746,LAC,LA Clippers,0.139,2018-10-28,2018-10-28WAS,10/28/2018,507,WAS,LAC,105.1,1.115,1.155,-4.2,238.6,2018-10-28
2018-19,1610612756,PHX,Phoenix Suns,21800085,2018-10-28T00:00:00,PHX @ OKC,L,48,100.1,101.9,110,108.3,-9.9,-6.5,0.553,0.95,14.8,0.271,0.778,0.516,0.204,0.488,0.562,108.1,108,A,1610612760,OKC,Oklahoma City Thunder,0.139,2018-10-28,2018-10-28PHX,10/28/2018,503,PHX,OKC,100.3,1.094,1.184,-9,228.5,2018-10-28
2018-19,1610612762,UTA,Utah Jazz,21800084,2018-10-28T00:00:00,UTA @ DAL,W,48,113.4,110.8,101,103,12.4,7.8,0.595,1.39,18.5,0.2,0.745,0.516,0.176,0.588,0.63,101.3,101.5,A,1610612742,DAL,Dallas Mavericks,0.129,2018-10-28,2018-10-28UTA,10/28/2018,505,UTA,DAL,100.5,1.098,1.004,9.4,211.3,2018-10-28
2018-19,1610612741,CHI,Chicago Bulls,21800076,2018-10-27T00:00:00,CHI @ ATL,W,48,92.3,89.8,80.9,80.2,11.5,9.6,0.694,1.09,17.5,0.208,0.81,0.538,0.213,0.506,0.539,105.1,107,A,1610612737,ATL,Atlanta Hawks,0.208,2018-10-27,2018-10-27CHI,10/27/2018,707,CHI,ATL,106.3,1.095,1.174,-8.4,241.2,2018-10-27
2018-19,1610612757,POR,Portland Trail Blazers,21800079,2018-10-27T00:00:00,POR @ MIA,L,48,109.6,109.9,114.9,120,-5.3,-10.1,0.378,1.56,11.2,0.208,0.649,0.436,0.089,0.489,0.553,102.9,100.5,A,1610612748,MIA,Miami Heat,0.13,2018-10-27,2018-10-27POR,10/27/2018,711,POR,MIA,100.8,1.091,1.099,-0.8,220.8,2018-10-27
2018-19,1610612747,LAL,Los Angeles Lakers,21800082,2018-10-27T00:00:00,LAL @ SAS,L,48,102,102.9,107.3,106.8,-5.3,-3.9,0.463,1.12,14.5,0.188,0.735,0.464,0.165,0.552,0.564,103.2,103,A,1610612759,SAS,San Antonio Spurs,0.126,2018-10-27,2018-10-27LAL,10/27/2018,715,LAL,SAS,103.2,1.18,1.167,1.3,242.2,2018-10-27
2018-19,1610612756,PHX,Phoenix Suns,21800080,2018-10-27T00:00:00,PHX @ MEM,L,48,95.7,99,119.8,119.4,-24.1,-20.4,0.778,1.47,21.1,0.182,0.838,0.481,0.196,0.519,0.556,99,97.5,A,1610612763,MEM,Memphis Grizzlies,0.122,2018-10-27,2018-10-27PHX,10/27/2018,713,PHX,MEM,95,1.062,1.163,-9.6,211.4,2018-10-27
2018-19,1610612738,BOS,Boston Celtics,21800074,2018-10-27T00:00:00,BOS @ DET,W,48,106.9,106.9,86.6,88.1,20.3,18.7,0.641,1.92,18.4,0.196,0.842,0.537,0.127,0.535,0.562,102.4,101.5,A,1610612765,DET,Detroit Pistons,0.109,2018-10-27,2018-10-27BOS,10/27/2018,701,BOS,DET,97.6,1.085,1.066,1.9,209.9,2018-10-27
2018-19,1610612753,ORL,Orlando Magic,21800081,2018-10-27T00:00:00,ORL @ MIL,L,48,83.9,85.8,105.5,106.6,-21.6,-20.8,0.636,1.91,14.8,0.235,0.81,0.455,0.104,0.376,0.419,107.8,106,A,1610612749,MIL,Milwaukee Bucks,0.198,2018-10-27,2018-10-27ORL,10/27/2018,717,ORL,MIL,101.4,1.039,1.153,-11.6,222.3,2018-10-27
2018-19,1610612754,IND,Indiana Pacers,21800077,2018-10-27T00:00:00,IND @ CLE,W,48,123.4,126.6,109.5,115.1,13.9,11.5,0.583,1.87,21.7,0.258,0.565,0.442,0.16,0.682,0.696,97.1,93.5,A,1610612739,CLE,Cleveland Cavaliers,0.194,2018-10-27,2018-10-27IND,10/27/2018,709,IND,CLE,96.4,1.15,1.1,4.8,216.9,2018-10-27
2018-19,1610612762,UTA,Utah Jazz,21800075,2018-10-27T00:00:00,UTA @ NOP,W,48,118.6,121.1,98.4,101.8,20.2,19.3,0.696,2.46,21.1,0.244,0.702,0.5,0.119,0.58,0.633,112,109,A,1610612740,NOP,New Orleans Pelicans,0.147,2018-10-27,2018-10-27UTA,10/27/2018,703,UTA,NOP,103.3,1.1,1.047,5.5,221.8,2018-10-27
2018-19,1610612766,CHA,Charlotte Hornets,21800078,2018-10-27T00:00:00,CHA @ PHI,L,48,97.6,103,103.8,105,-6.2,-2,0.514,2.11,14.1,0.267,0.729,0.496,0.09,0.437,0.488,103.4,100,A,1610612755,PHI,Philadelphia 76ers,0.11,2018-10-27,2018-10-27CHA,10/27/2018,705,CHA,PHI,102.7,1.055,1.155,-10.3,227,2018-10-27
2018-19,1610612746,LAC,LA Clippers,21800070,2018-10-26T00:00:00,LAC @ HOU,W,48,124.6,130.4,106.6,111.9,18,18.5,0.395,1.06,13.2,0.297,0.656,0.52,0.157,0.62,0.695,106.4,101.5,A,1610612745,HOU,Houston Rockets,0.129,2018-10-26,2018-10-26LAC,10/26/2018,509,LAC,HOU,99.1,1.08,1.16,-7.7,222.6,2018-10-26
2018-19,1610612742,DAL,Dallas Mavericks,21800069,2018-10-26T00:00:00,DAL @ TOR,L,48,99.5,104.9,115.1,112.6,-15.6,-7.7,0.579,1.47,15.6,0.298,0.729,0.495,0.147,0.478,0.522,104.2,102.5,A,1610612761,TOR,Toronto Raptors,0.126,2018-10-26,2018-10-26DAL,10/26/2018,503,DAL,TOR,98.3,1.03,1.21,-17.4,219.7,2018-10-26
2018-19,1610612744,GSW,Golden State Warriors,21800068,2018-10-26T00:00:00,GSW @ NYK,W,48,127.6,126.7,95.9,99,31.7,27.7,0.51,1.86,19.5,0.162,0.692,0.472,0.139,0.678,0.694,102.3,101,A,1610612752,NYK,New York Knicks,0.198,2018-10-26,2018-10-26GSW,10/26/2018,505,GSW,NYK,102.2,1.17,1.03,14.5,225.2,2018-10-26
2018-19,1610612749,MIL,Milwaukee Bucks,21800071,2018-10-26T00:00:00,MIL @ MIN,W,48,115.9,114.7,85.6,86.4,30.3,28.3,0.653,1.78,21.6,0.159,0.747,0.537,0.165,0.636,0.645,109.4,109.5,A,1610612750,MIN,Minnesota Timberwolves,0.073,2018-10-26,2018-10-26MIL,10/26/2018,511,MIL,MIN,104.4,1.14,1.15,-1.9,238.9,2018-10-26
2018-19,1610612764,WAS,Washington Wizards,21800073,2018-10-26T00:00:00,WAS @ SAC,L,48,99.9,102.8,105.3,107.4,-5.4,-4.7,0.55,1.05,15.8,0.204,0.704,0.466,0.193,0.547,0.583,111.1,108.5,A,1610612758,SAC,Sacramento Kings,0.176,2018-10-26,2018-10-26WAS,10/26/2018,513,WAS,SAC,108.9,1.12,1.09,3.5,241.1,2018-10-26
2018-19,1610612751,BKN,Brooklyn Nets,21800072,2018-10-26T00:00:00,BKN @ NOP,L,48,104.9,111.7,111,113.6,-6,-1.9,0.605,1.24,17.2,0.393,0.69,0.544,0.204,0.536,0.55,107.5,103,A,1610612740,NOP,New Orleans Pelicans,0.107,2018-10-26,2018-10-26BKN,10/26/2018,507,BKN,NOP,103.8,1.08,1.18,-10.7,234.1,2018-10-26
2018-19,1610612741,CHI,Chicago Bulls,21800067,2018-10-26T00:00:00,CHI @ CHA,L,48,105.3,106,133.6,133.7,-28.3,-27.7,0.568,1.5,15.9,0.216,0.675,0.418,0.14,0.529,0.56,100.9,100.5,A,1610612766,CHA,Charlotte Hornets,0.119,2018-10-26,2018-10-26CHI,10/26/2018,501,CHI,CHA,100.1,1.09,1.2,-10.5,229.3,2018-10-26
2018-19,1610612743,DEN,Denver Nuggets,21800066,2018-10-25T00:00:00,DEN @ LAL,L,48,103.8,107.5,113,115.2,-9.1,-7.7,0.478,1.16,15.4,0.3,0.729,0.51,0.179,0.533,0.565,108.5,105.5,A,1610612747,LAL,Los Angeles Lakers,0.133,2018-10-25,2018-10-25DEN,10/25/2018,707,DEN,LAL,105.4,1.143,1.149,-0.6,241.6,2018-10-25
2018-19,1610612738,BOS,Boston Celtics,21800065,2018-10-25T00:00:00,BOS @ OKC,W,48,98.5,99,90.5,94.1,8,5,0.576,1.58,14,0.259,0.661,0.467,0.118,0.448,0.502,103.8,101.5,A,1610612760,OKC,Oklahoma City Thunder,0.158,2018-10-25,2018-10-25BOS,10/25/2018,705,BOS,OKC,101.7,1.112,1.071,4.2,222,2018-10-25
2018-19,1610612739,CLE,Cleveland Cavaliers,21800063,2018-10-25T00:00:00,CLE @ DET,L,48,105.5,107.3,112.5,113.4,-7,-6.1,0.439,2,14.6,0.184,0.585,0.367,0.094,0.506,0.539,97.7,96.5,A,1610612765,DET,Detroit Pistons,0.206,2018-10-25,2018-10-25CLE,10/25/2018,701,CLE,DET,96.8,1.081,1.145,-6.2,215.5,2018-10-25
2018-19,1610612757,POR,Portland Trail Blazers,21800064,2018-10-25T00:00:00,POR @ ORL,W,48,131.4,132,116.6,117.5,14.8,14.4,0.5,2.18,18,0.286,0.733,0.517,0.113,0.615,0.65,97.6,97,A,1610612753,ORL,Orlando Magic,0.144,2018-10-25,2018-10-25POR,10/25/2018,703,POR,ORL,101.2,1.094,1.074,2,219.4,2018-10-25
2018-19,1610612752,NYK,New York Knicks,21800054,2018-10-24T00:00:00,NYK @ MIA,L,48,87.7,86.1,106.5,110,-18.7,-23.9,0.606,1.67,14.9,0.213,0.809,0.472,0.119,0.429,0.448,101.2,100.5,A,1610612748,MIA,Miami Heat,0.13,2018-10-24,2018-10-24NYK,10/24/2018,505,NYK,MIA,100.5,1.09,1.14,-5.025,224.115,2018-10-24
2018-19,1610612764,WAS,Washington Wizards,21800062,2018-10-24T00:00:00,WAS @ GSW,L,48,110.6,109.9,129.7,129.7,-19.1,-19.8,0.524,1.83,15.4,0.192,0.7,0.413,0.108,0.516,0.579,110.7,111,A,1610612744,GSW,Golden State Warriors,0.162,2018-10-24,2018-10-24WAS,10/24/2018,521,WAS,GSW,105.1,1.07,1.18,-11.561,236.475,2018-10-24
2018-19,1610612747,LAL,Los Angeles Lakers,21800060,2018-10-24T00:00:00,LAL @ PHX,W,48,122.3,126,108.4,109.7,13.9,16.3,0.654,4.25,21.9,0.327,0.762,0.521,0.077,0.57,0.595,105.7,103.5,A,1610612756,PHX,Phoenix Suns,0.194,2018-10-24,2018-10-24LAL,10/24/2018,517,LAL,PHX,106.5,1.2,1.14,6.39,249.21,2018-10-24
2018-19,1610612754,IND,Indiana Pacers,21800058,2018-10-24T00:00:00,IND @ SAS,W,48,121.4,124.7,101.9,103.2,19.6,21.5,0.739,3.4,25.4,0.19,0.679,0.463,0.108,0.626,0.641,94.9,93,A,1610612759,SAS,San Antonio Spurs,0.14,2018-10-24,2018-10-24IND,10/24/2018,513,IND,SAS,96.8,1.13,1.13,0,218.768,2018-10-24
2018-19,1610612763,MEM,Memphis Grizzlies,21800061,2018-10-24T00:00:00,MEM @ SAC,L,48,90.4,90.2,97.5,95.1,-7,-4.9,0.5,1.2,13.4,0.233,0.709,0.461,0.147,0.436,0.461,100.6,102,A,1610612758,SAC,Sacramento Kings,0.167,2018-10-24,2018-10-24MEM,10/24/2018,519,MEM,SAC,100.7,1.12,1.11,1.007,224.561,2018-10-24
2018-19,1610612762,UTA,Utah Jazz,21800057,2018-10-24T00:00:00,UTA @ HOU,W,48,99.7,100,88.9,89.9,10.8,10.1,0.618,1.11,15.7,0.318,0.778,0.571,0.19,0.5,0.554,100.2,99.5,A,1610612745,HOU,Houston Rockets,0.172,2018-10-24,2018-10-24UTA,10/24/2018,511,UTA,HOU,98.3,1.07,1.09,-1.966,212.328,2018-10-24
2018-19,1610612766,CHA,Charlotte Hornets,21800056,2018-10-24T00:00:00,CHA @ CHI,L,48,112.5,115.8,115,117.9,-2.5,-2.1,0.622,2.88,17.8,0.26,0.69,0.457,0.084,0.494,0.563,97.6,95,A,1610612741,CHI,Chicago Bulls,0.147,2018-10-24,2018-10-24CHA,10/24/2018,509,CHA,CHI,104.6,1.18,1.15,3.138,243.718,2018-10-24
2018-19,1610612750,MIN,Minnesota Timberwolves,21800055,2018-10-24T00:00:00,MIN @ TOR,L,48,101.9,105,111.7,113.1,-9.8,-8.1,0.625,1.56,17.2,0.379,0.711,0.524,0.16,0.495,0.51,101.7,99.5,A,1610612761,TOR,Toronto Raptors,0.172,2018-10-24,2018-10-24MIN,10/24/2018,507,MIN,TOR,100.1,1.1,1.18,-8.008,228.228,2018-10-24
2018-19,1610612755,PHI,Philadelphia 76ers,21800059,2018-10-24T00:00:00,PHI @ MIL,L,48,95.4,98.2,106.8,112.8,-11.4,-14.7,0.763,1.81,19.1,0.233,0.767,0.5,0.145,0.473,0.513,114.2,109.5,A,1610612749,MIL,Milwaukee Bucks,0.101,2018-10-24,2018-10-24PHI,10/24/2018,515,PHI,MIL,102.9,1.08,1.11,-3.087,225.351,2018-10-24
2018-19,1610612742,DAL,Dallas Mavericks,21800052,2018-10-24T00:00:00,DAL @ ATL,L,48,94.2,92.9,101.2,100.9,-7.1,-8.1,0.658,1.47,16.9,0.203,0.804,0.496,0.152,0.484,0.508,110,111,A,1610612737,ATL,Atlanta Hawks,0.136,2018-10-24,2018-10-24DAL,10/24/2018,503,DAL,ATL,103.9,1.15,1.17,-2.078,241.048,2018-10-24
2018-19,1610612751,BKN,Brooklyn Nets,21800053,2018-10-24T00:00:00,BKN @ CLE,W,48,102.4,105.2,90.5,87.8,11.9,17.4,0.605,1.64,17.6,0.235,0.691,0.472,0.144,0.517,0.545,97.3,97.5,A,1610612739,CLE,Cleveland Cavaliers,0.153,2018-10-24,2018-10-24BKN,10/24/2018,501,BKN,CLE,101.1,1.13,1.2,-7.077,235.563,2018-10-24
2018-19,1610612758,SAC,Sacramento Kings,21800051,2018-10-23T00:00:00,SAC @ DEN,L,48,110,110.9,122.8,124.8,-12.8,-13.9,0.644,1.81,20.6,0.234,0.625,0.432,0.158,0.599,0.591,102.2,101,A,1610612743,DEN,Denver Nuggets,0.119,2018-10-23,2018-10-23SAC,NA,NA,NA,NA,NA,NA,NA,NA,NA,NA
2018-19,1610612755,PHI,Philadelphia 76ers,21800049,2018-10-23T00:00:00,PHI @ DET,L,53,116.5,118.9,114.8,119.8,1.7,-0.9,0.653,2.91,20.6,0.255,0.661,0.478,0.099,0.571,0.598,103.8,100.53,A,1610612765,DET,Detroit Pistons,0.072,2018-10-23,2018-10-23PHI,NA,NA,NA,NA,NA,NA,NA,NA,NA,NA
2018-19,1610612746,LAC,LA Clippers,21800050,2018-10-23T00:00:00,LAC @ NOP,L,48,102,104.8,108.8,110.5,-6.8,-5.7,0.439,1.06,13.3,0.26,0.707,0.5,0.163,0.5,0.551,106.7,104.5,A,1610612740,NOP,New Orleans Pelicans,0.076,2018-10-23,2018-10-23LAC,NA,NA,NA,NA,NA,NA,NA,NA,NA,NA
2018-19,1610612759,SAS,San Antonio Spurs,21800048,2018-10-22T00:00:00,SAS @ LAL,W,53,126.9,125.4,117.9,125.7,9,-0.2,0.64,3.56,20.3,0.226,0.655,0.45,0.079,0.593,0.629,105.6,102.79,A,1610612747,LAL,Los Angeles Lakers,0.133,2018-10-22,2018-10-22SAS,NA,NA,NA,NA,NA,NA,NA,NA,NA,NA
2018-19,1610612753,ORL,Orlando Magic,21800040,2018-10-22T00:00:00,ORL @ BOS,W,48,94.5,95.9,91.9,94.7,2.6,1.1,0.737,3.11,20.3,0.228,0.782,0.5,0.093,0.462,0.477,98.2,96,A,1610612738,BOS,Boston Celtics,0.126,2018-10-22,2018-10-22ORL,NA,NA,NA,NA,NA,NA,NA,NA,NA,NA
2018-19,1610612756,PHX,Phoenix Suns,21800047,2018-10-22T00:00:00,PHX @ GSW,L,48,100.1,98.1,115.6,118.3,-15.5,-20.2,0.615,1.14,16.9,0.277,0.783,0.527,0.2,0.506,0.548,104.7,104.5,A,1610612744,GSW,Golden State Warriors,0.135,2018-10-22,2018-10-22PHX,NA,NA,NA,NA,NA,NA,NA,NA,NA,NA
2018-19,1610612754,IND,Indiana Pacers,21800043,2018-10-22T00:00:00,IND @ MIN,L,48,89.2,92.9,98.5,102,-9.3,-9.2,0.5,1.2,13.6,0.288,0.694,0.472,0.153,0.435,0.459,102.3,98.5,A,1610612750,MIN,Minnesota Timberwolves,0.152,2018-10-22,2018-10-22IND,NA,NA,NA,NA,NA,NA,NA,NA,NA,NA
2018-19,1610612766,CHA,Charlotte Hornets,21800041,2018-10-22T00:00:00,CHA @ TOR,L,48,103,106,123.1,124.5,-20.1,-18.5,0.512,1.75,15.2,0.293,0.73,0.463,0.12,0.469,0.505,103,101,A,1610612761,TOR,Toronto Raptors,0.147,2018-10-22,2018-10-22CHA,NA,NA,NA,NA,NA,NA,NA,NA,NA,NA
2018-19,1610612752,NYK,New York Knicks,21800042,2018-10-22T00:00:00,NYK @ MIL,L,48,106,110.8,120.9,120.4,-14.9,-9.6,0.489,1.83,15.6,0.327,0.625,0.477,0.118,0.505,0.535,104.6,102.5,A,1610612749,MIL,Milwaukee Bucks,0.146,2018-10-22,2018-10-22NYK,NA,NA,NA,NA,NA,NA,NA,NA,NA,NA
2018-19,1610612741,CHI,Chicago Bulls,21800044,2018-10-22T00:00:00,CHI @ DAL,L,48,107.7,110.1,109.3,116.2,-1.6,-6.1,0.439,0.95,14.2,0.233,0.623,0.448,0.192,0.594,0.611,103.2,99,A,1610612742,DAL,Dallas Mavericks,0.162,2018-10-22,2018-10-22CHI,NA,NA,NA,NA,NA,NA,NA,NA,NA,NA
2018-19,1610612764,WAS,Washington Wizards,21800046,2018-10-22T00:00:00,WAS @ POR,W,53,104.7,105,99.5,102.5,5.2,2.6,0.5,2.3,14.9,0.176,0.618,0.397,0.084,0.486,0.515,110.5,108.68,A,1610612757,POR,Portland Trail Blazers,0.165,2018-10-22,2018-10-22WAS,NA,NA,NA,NA,NA,NA,NA,NA,NA,NA
2018-19,1610612763,MEM,Memphis Grizzlies,21800045,2018-10-22T00:00:00,MEM @ UTA,W,48,92.5,96.8,86.5,88.4,6,8.4,0.581,1.64,14.3,0.236,0.745,0.491,0.116,0.423,0.482,98.3,95,A,1610612762,UTA,Utah Jazz,0.158,2018-10-22,2018-10-22MEM,NA,NA,NA,NA,NA,NA,NA,NA,NA,NA
2018-19,1610612737,ATL,Atlanta Hawks,21800036,2018-10-21T00:00:00,ATL @ CLE,W,48,121.6,125.5,102.6,104.7,19,20.8,0.667,2.67,21.1,0.275,0.655,0.472,0.113,0.602,0.625,108.8,106,A,1610612739,CLE,Cleveland Cavaliers,0.17,2018-10-21,2018-10-21ATL,NA,NA,NA,NA,NA,NA,NA,NA,NA,NA
2018-19,1610612744,GSW,Golden State Warriors,21800038,2018-10-21T00:00:00,GSW @ DEN,L,48,95.6,98,98.5,99,-3,-1,0.611,1.16,16.7,0.213,0.69,0.476,0.19,0.5,0.547,102,100.5,A,1610612743,DEN,Denver Nuggets,0.099,2018-10-21,2018-10-21GSW,NA,NA,NA,NA,NA,NA,NA,NA,NA,NA
2018-19,1610612745,HOU,Houston Rockets,21800039,2018-10-21T00:00:00,HOU @ LAC,L,48,110.2,112,113.4,115,-3.1,-3,0.651,2.33,20.4,0.188,0.681,0.432,0.12,0.567,0.586,101.5,100,A,1610612746,LAC,LA Clippers,0.13,2018-10-21,2018-10-21HOU,NA,NA,NA,NA,NA,NA,NA,NA,NA,NA
2018-19,1610612758,SAC,Sacramento Kings,21800037,2018-10-21T00:00:00,SAC @ OKC,W,48,117.7,119.1,102.4,107.1,15.3,11.9,0.56,1.4,18.7,0.261,0.606,0.464,0.182,0.604,0.634,114.3,111,A,1610612760,OKC,Oklahoma City Thunder,0.161,2018-10-21,2018-10-21SAC,NA,NA,NA,NA,NA,NA,NA,NA,NA,NA
2018-19,1610612750,MIN,Minnesota Timberwolves,21800032,2018-10-20T00:00:00,MIN @ DAL,L,48,120.8,123.6,122.9,128.4,-2.1,-4.8,0.523,1.35,16,0.262,0.623,0.463,0.155,0.607,0.669,113.3,109.5,A,1610612742,DAL,Dallas Mavericks,0.147,2018-10-20,2018-10-20MIN,NA,NA,NA,NA,NA,NA,NA,NA,NA,NA
2018-19,1610612766,CHA,Charlotte Hornets,21800030,2018-10-20T00:00:00,CHA @ MIA,W,48,109.6,113,106.8,110.9,2.8,2.1,0.561,1.92,16.5,0.281,0.6,0.43,0.12,0.527,0.548,104,100.5,A,1610612748,MIA,Miami Heat,0.158,2018-10-20,2018-10-20CHA,NA,NA,NA,NA,NA,NA,NA,NA,NA,NA
2018-19,1610612765,DET,Detroit Pistons,21800031,2018-10-20T00:00:00,DET @ CHI,W,48,114.4,118,111.1,117.2,3.4,0.8,0.512,2.1,14.8,0.381,0.761,0.541,0.1,0.495,0.531,103.8,99.5,A,1610612741,CHI,Chicago Bulls,0.111,2018-10-20,2018-10-20DET,NA,NA,NA,NA,NA,NA,NA,NA,NA,NA
2018-19,1610612745,HOU,Houston Rockets,21800035,2018-10-20T00:00:00,HOU @ LAL,W,48,108.6,112.7,104.6,103.6,4,9.1,0.5,1.22,14.8,0.309,0.786,0.55,0.164,0.542,0.568,112.1,110.5,A,1610612747,LAL,Los Angeles Lakers,0.099,2018-10-20,2018-10-20HOU,NA,NA,NA,NA,NA,NA,NA,NA,NA,NA
2018-19,1610612753,ORL,Orlando Magic,21800029,2018-10-20T00:00:00,ORL @ PHI,L,48,113.1,118.6,121.6,119.6,-8.5,-1,0.756,1.94,21.1,0.365,0.74,0.549,0.165,0.544,0.577,98.5,97,A,1610612755,PHI,Philadelphia 76ers,0.103,2018-10-20,2018-10-20ORL,NA,NA,NA,NA,NA,NA,NA,NA,NA,NA
2018-19,1610612759,SAS,San Antonio Spurs,21800034,2018-10-20T00:00:00,SAS @ POR,L,48,111.2,113.7,125.6,127.4,-14.4,-13.7,0.69,4.83,20.6,0.3,0.75,0.48,0.063,0.485,0.509,96.8,95,A,1610612757,POR,Portland Trail Blazers,0.126,2018-10-20,2018-10-20SAS,NA,NA,NA,NA,NA,NA,NA,NA,NA,NA
2018-19,1610612738,BOS,Boston Celtics,21800028,2018-10-20T00:00:00,BOS @ NYK,W,48,102.5,100,97.2,99,5.2,1,0.636,1.4,15.4,0.24,0.736,0.495,0.146,0.457,0.534,102.2,102.5,A,1610612752,NYK,New York Knicks,0.157,2018-10-20,2018-10-20BOS,NA,NA,NA,NA,NA,NA,NA,NA,NA,NA
2018-19,1610612761,TOR,Toronto Raptors,21800027,2018-10-20T00:00:00,TOR @ WAS,W,48,109.5,114.7,107.5,110.8,2,3.9,0.538,1.24,14.7,0.377,0.764,0.574,0.167,0.5,0.563,106,102,A,1610612764,WAS,Washington Wizards,0.108,2018-10-20,2018-10-20TOR,NA,NA,NA,NA,NA,NA,NA,NA,NA,NA
2018-19,1610612751,BKN,Brooklyn Nets,21800026,2018-10-20T00:00:00,BKN @ IND,L,48,105,109.8,128.6,129.4,-23.6,-19.6,0.61,1.25,17.5,0.333,0.705,0.511,0.196,0.57,0.585,104.7,102,A,1610612754,IND,Indiana Pacers,0.108,2018-10-20,2018-10-20BKN,NA,NA,NA,NA,NA,NA,NA,NA,NA,NA
2018-19,1610612756,PHX,Phoenix Suns,21800033,2018-10-20T00:00:00,PHX @ DEN,L,48,89.7,88.3,111.5,114.4,-21.7,-26.1,0.69,1.05,15,0.175,0.733,0.422,0.184,0.448,0.492,104.1,103.5,A,1610612743,DEN,Denver Nuggets,0.173,2018-10-20,2018-10-20PHX,NA,NA,NA,NA,NA,NA,NA,NA,NA,NA
2018-19,1610612754,IND,Indiana Pacers,21800023,2018-10-19T00:00:00,IND @ MIL,L,48,94.5,99,109,113.5,-14.5,-14.4,0.368,0.82,10.9,0.25,0.673,0.462,0.167,0.471,0.511,107.6,103,A,1610612749,MIL,Milwaukee Bucks,0.163,2018-10-19,2018-10-19IND,NA,NA,NA,NA,NA,NA,NA,NA,NA,NA
2018-19,1610612744,GSW,Golden State Warriors,21800024,2018-10-19T00:00:00,GSW @ UTA,W,48,120.5,119.2,113.1,118.3,7.4,1,0.551,1.69,19.3,0.231,0.692,0.495,0.154,0.621,0.653,105.8,104,A,1610612762,UTA,Utah Jazz,0.163,2018-10-19,2018-10-19GSW,NA,NA,NA,NA,NA,NA,NA,NA,NA,NA
2018-19,1610612739,CLE,Cleveland Cavaliers,21800021,2018-10-19T00:00:00,CLE @ MIN,L,48,115.2,115,122,122.4,-6.8,-7.5,0.578,1.86,17.4,0.314,0.711,0.5,0.131,0.527,0.582,107.1,107,A,1610612750,MIN,Minnesota Timberwolves,0.131,2018-10-19,2018-10-19CLE,NA,NA,NA,NA,NA,NA,NA,NA,NA,NA
2018-19,1610612752,NYK,New York Knicks,21800018,2018-10-19T00:00:00,NYK @ BKN,L,48,108.5,109.4,112,112.6,-3.5,-3.3,0.359,4.67,11.3,0.241,0.658,0.406,0.031,0.448,0.496,96.2,95.5,A,1610612751,BKN,Brooklyn Nets,0.232,2018-10-19,2018-10-19NYK,NA,NA,NA,NA,NA,NA,NA,NA,NA,NA
2018-19,1610612738,BOS,Boston Celtics,21800019,2018-10-19T00:00:00,BOS @ TOR,L,48,97.7,102,111.5,113,-13.8,-11,0.725,1.81,19.7,0.333,0.712,0.509,0.162,0.475,0.488,102.4,99.5,A,1610612761,TOR,Toronto Raptors,0.13,2018-10-19,2018-10-19BOS,NA,NA,NA,NA,NA,NA,NA,NA,NA,NA
2018-19,1610612737,ATL,Atlanta Hawks,21800020,2018-10-19T00:00:00,ATL @ MEM,L,48,109.5,110.4,119.2,122.4,-9.7,-12.1,0.659,1.42,18.6,0.25,0.721,0.473,0.179,0.578,0.592,108.4,106.5,A,1610612763,MEM,Memphis Grizzlies,0.159,2018-10-19,2018-10-19ATL,NA,NA,NA,NA,NA,NA,NA,NA,NA,NA
2018-19,1610612766,CHA,Charlotte Hornets,21800017,2018-10-19T00:00:00,CHA @ ORL,W,48,114.5,114.3,82.9,84.6,31.6,29.7,0.744,2,21.2,0.3,0.77,0.559,0.152,0.56,0.595,105.5,104.5,A,1610612753,ORL,Orlando Magic,0.173,2018-10-19,2018-10-19CHA,NA,NA,NA,NA,NA,NA,NA,NA,NA,NA
2018-19,1610612758,SAC,Sacramento Kings,21800022,2018-10-19T00:00:00,SAC @ NOP,L,48,115.8,115.2,131.3,130.7,-15.5,-15.5,0.48,1.85,16.6,0.18,0.696,0.427,0.116,0.573,0.6,112.5,113,A,1610612740,NOP,New Orleans Pelicans,0.14,2018-10-19,2018-10-19SAC,NA,NA,NA,NA,NA,NA,NA,NA,NA,NA
2018-19,1610612760,OKC,Oklahoma City Thunder,21800025,2018-10-19T00:00:00,OKC @ LAC,L,48,89.2,91.1,106,106.9,-16.8,-15.8,0.529,1.38,12.9,0.323,0.74,0.509,0.129,0.395,0.438,102.5,101,A,1610612746,LAC,LA Clippers,0.149,2018-10-19,2018-10-19OKC,NA,NA,NA,NA,NA,NA,NA,NA,NA,NA
2018-19,1610612748,MIA,Miami Heat,21800015,2018-10-18T00:00:00,MIA @ WAS,W,48,103.7,107.6,106.5,105.7,-2.8,2,0.658,1.32,15.9,0.429,0.804,0.587,0.181,0.454,0.505,107.1,105.5,A,1610612764,WAS,Washington Wizards,0.132,2018-10-18,2018-10-18MIA,NA,NA,NA,NA,NA,NA,NA,NA,NA,NA
2018-19,1610612747,LAL,Los Angeles Lakers,21800016,2018-10-18T00:00:00,LAL @ POR,L,48,105.5,104.4,110.6,113.3,-5,-8.9,0.511,1.53,15.9,0.176,0.69,0.45,0.132,0.522,0.563,114.3,113.5,A,1610612757,POR,Portland Trail Blazers,0.15,2018-10-18,2018-10-18LAL,NA,NA,NA,NA,NA,NA,NA,NA,NA,NA
2018-19,1610612741,CHI,Chicago Bulls,21800014,2018-10-18T00:00:00,CHI @ PHI,L,48,95.3,100.9,117.4,118.7,-22,-17.8,0.636,2.33,19.2,0.183,0.725,0.432,0.112,0.49,0.508,110.7,107,A,1610612755,PHI,Philadelphia 76ers,0.121,2018-10-18,2018-10-18CHI,NA,NA,NA,NA,NA,NA,NA,NA,NA,NA
2018-19,1610612750,MIN,Minnesota Timberwolves,21800010,2018-10-17T00:00:00,MIN @ SAS,L,48,108.1,112.5,113.4,114.3,-5.3,-1.8,0.513,1.82,14.9,0.34,0.571,0.459,0.115,0.462,0.525,99.3,97,A,1610612759,SAS,San Antonio Spurs,0.122,2018-10-17,2018-10-17MIN,NA,NA,NA,NA,NA,NA,NA,NA,NA,NA
2018-19,1610612740,NOP,New Orleans Pelicans,21800009,2018-10-17T00:00:00,NOP @ HOU,W,48,124,124.8,105.1,107.7,18.9,17.1,0.692,3,22.9,0.347,0.778,0.573,0.114,0.582,0.608,106.1,104.5,A,1610612745,HOU,Houston Rockets,0.115,2018-10-17,2018-10-17NOP,NA,NA,NA,NA,NA,NA,NA,NA,NA,NA
2018-19,1610612762,UTA,Utah Jazz,21800011,2018-10-17T00:00:00,UTA @ SAC,W,48,114.2,113.9,109.4,108.3,4.8,5.6,0.512,1.24,15.3,0.205,0.857,0.548,0.157,0.601,0.642,107.3,108,A,1610612758,SAC,Sacramento Kings,0.083,2018-10-17,2018-10-17UTA,NA,NA,NA,NA,NA,NA,NA,NA,NA,NA
2018-19,1610612763,MEM,Memphis Grizzlies,21800005,2018-10-17T00:00:00,MEM @ IND,L,48,83.6,87.4,116,115.6,-32.4,-28.3,0.64,1.6,12.7,0.242,0.564,0.366,0.105,0.357,0.431,97.5,95.5,A,1610612754,IND,Indiana Pacers,0.208,2018-10-17,2018-10-17MEM,NA,NA,NA,NA,NA,NA,NA,NA,NA,NA
2018-19,1610612751,BKN,Brooklyn Nets,21800004,2018-10-17T00:00:00,BKN @ DET,L,48,94.6,99,98.4,103,-3.8,-4,0.7,1.47,20,0.261,0.655,0.475,0.188,0.518,0.545,105.2,100.5,A,1610612765,DET,Detroit Pistons,0.17,2018-10-17,2018-10-17BKN,NA,NA,NA,NA,NA,NA,NA,NA,NA,NA
2018-19,1610612749,MIL,Milwaukee Bucks,21800003,2018-10-17T00:00:00,MIL @ CHA,W,48,108.9,108.7,108,107.7,0.8,1,0.619,1.24,18.1,0.304,0.807,0.583,0.202,0.576,0.602,103.7,104,A,1610612766,CHA,Charlotte Hornets,0.106,2018-10-17,2018-10-17MIL,NA,NA,NA,NA,NA,NA,NA,NA,NA,NA
2018-19,1610612739,CLE,Cleveland Cavaliers,21800008,2018-10-17T00:00:00,CLE @ TOR,L,48,99.8,104,112.8,116,-13,-12,0.5,1.06,12.3,0.362,0.788,0.564,0.16,0.441,0.509,103.5,100,A,1610612761,TOR,Toronto Raptors,0.1,2018-10-17,2018-10-17CLE,NA,NA,NA,NA,NA,NA,NA,NA,NA,NA
2018-19,1610612743,DEN,Denver Nuggets,21800012,2018-10-17T00:00:00,DEN @ LAC,W,48,104.4,102.9,94.6,92.5,9.8,10.4,0.606,1.82,14.2,0.298,0.8,0.545,0.106,0.425,0.507,103,105,A,1610612746,LAC,LA Clippers,0.132,2018-10-17,2018-10-17DEN,NA,NA,NA,NA,NA,NA,NA,NA,NA,NA
2018-19,1610612748,MIA,Miami Heat,21800006,2018-10-17T00:00:00,MIA @ ORL,L,48,92.1,98.1,98.4,101,-6.4,-2.9,0.421,0.94,11.5,0.355,0.678,0.512,0.165,0.438,0.473,107.7,103,A,1610612753,ORL,Orlando Magic,0.117,2018-10-17,2018-10-17MIA,NA,NA,NA,NA,NA,NA,NA,NA,NA,NA
2018-19,1610612742,DAL,Dallas Mavericks,21800013,2018-10-17T00:00:00,DAL @ PHX,L,48,104.4,105.3,128.7,127.4,-24.3,-22.1,0.737,3.11,20.6,0.245,0.838,0.489,0.095,0.489,0.517,94.9,95,A,1610612756,PHX,Phoenix Suns,0.126,2018-10-17,2018-10-17DAL,NA,NA,NA,NA,NA,NA,NA,NA,NA,NA
2018-19,1610612737,ATL,Atlanta Hawks,21800007,2018-10-17T00:00:00,ATL @ NYK,L,48,93.1,94.7,106.2,112.5,-13.1,-17.8,0.463,0.79,13.2,0.235,0.69,0.477,0.212,0.511,0.546,116.8,112.5,A,1610612752,NYK,New York Knicks,0.143,2018-10-17,2018-10-17ATL,NA,NA,NA,NA,NA,NA,NA,NA,NA,NA
2018-19,1610612755,PHI,Philadelphia 76ers,21800001,2018-10-16T00:00:00,PHI @ BOS,L,48,81.2,82.1,98.9,100,-17.7,-17.9,0.529,1.13,13.4,0.175,0.75,0.46,0.151,0.42,0.448,106.6,105.5,A,1610612738,BOS,Boston Celtics,0.143,2018-10-16,2018-10-16PHI,NA,NA,NA,NA,NA,NA,NA,NA,NA,NA
2018-19,1610612760,OKC,Oklahoma City Thunder,21800002,2018-10-16T00:00:00,OKC @ GSW,L,48,94.1,96.2,101,104.9,-6.9,-8.7,0.636,1.4,14.2,0.348,0.585,0.454,0.144,0.418,0.466,106.6,103.5,A,1610612744,GSW,Golden State Warriors,0.204,2018-10-16,2018-10-16OKC,NA,NA,NA,NA,NA,NA,NA,NA,NA,NA
